Data Source,World Development Indicators,,,,,,,,,,,,,,,,,,,,,,,,,,,,,,,,,,,,,,,,,,,,,,,,,,,,,,,,,,,,,,,,,,,
,,,,,,,,,,,,,,,,,,,,,,,,,,,,,,,,,,,,,,,,,,,,,,,,,,,,,,,,,,,,,,,,,,,,
Last Updated Date,10/7/2025,,,,,,,,,,,,,,,,,,,,,,,,,,,,,,,,,,,,,,,,,,,,,,,,,,,,,,,,,,,,,,,,,,,
,,,,,,,,,,,,,,,,,,,,,,,,,,,,,,,,,,,,,,,,,,,,,,,,,,,,,,,,,,,,,,,,,,,,
Country Name,Country Code,Indicator Name,Indicator Code,1960,1961,1962,1963,1964,1965,1966,1967,1968,1969,1970,1971,1972,1973,1974,1975,1976,1977,1978,1979,1980,1981,1982,1983,1984,1985,1986,1987,1988,1989,1990,1991,1992,1993,1994,1995,1996,1997,1998,1999,2000,2001,2002,2003,2004,2005,2006,2007,2008,2009,2010,2011,2012,2013,2014,2015,2016,2017,2018,2019,2020,2021,2022,2023,2024
Aruba,ABW,"Unemployment, total (% of total labor force) (modeled ILO estimate)",SL.UEM.TOTL.ZS,,,,,,,,,,,,,,,,,,,,,,,,,,,,,,,,,,,,,,,,,,,,,,,,,,,,,,,,,,,,,,,,,
Africa Eastern and Southern,AFE,"Unemployment, total (% of total labor force) (modeled ILO estimate)",SL.UEM.TOTL.ZS,,,,,,,,,,,,,,,,,,,,,,,,,,,,,,,,8.179628672,8.270723848,8.266327153,8.138290951,7.908445555,7.823907893,7.783654415,7.812733636,7.849877812,7.788316903,7.676955209,7.632330068,7.586882837,7.395648184,7.218792628,7.158958345,7.102231154,7.076709788,7.155880662,7.403061307,7.427939936,7.181608079,6.986732703,6.947010734,7.036356825,7.194665995,7.346330634,7.360513104,7.584418799,8.191394911,8.577384992,7.985202252,7.806365422,7.772653775
Afghanistan,AFG,"Unemployment, total (% of total labor force) (modeled ILO estimate)",SL.UEM.TOTL.ZS,,,,,,,,,,,,,,,,,,,,,,,,,,,,,,,,8.07,8.011,7.888,7.822,7.817,7.867,7.863,7.89,7.903,7.935,7.953,7.93,7.88,7.899,7.885,7.914,7.817,7.878,7.754,7.753,7.784,7.856,7.93,7.915,9.052,10.133,11.184,11.196,11.185,11.71,11.994,14.1,13.991,13.295
Africa Western and Central,AFW,"Unemployment, total (% of total labor force) (modeled ILO estimate)",SL.UEM.TOTL.ZS,,,,,,,,,,,,,,,,,,,,,,,,,,,,,,,,4.158680279,4.251101731,4.36980489,4.39378131,4.399749466,4.340691214,4.313735454,4.324048502,4.512157673,4.55111906,4.479977123,4.285853719,4.180110711,4.094738089,4.100699503,3.974094849,3.950642606,3.968542177,4.000386882,3.991594537,3.96902733,3.982162566,3.703853201,3.881395714,4.164467078,4.157574374,4.274196204,4.323630954,4.395271211,4.852392701,4.736731762,3.658573181,3.277245466,3.218313421
Angola,AGO,"Unemployment, total (% of total labor force) (modeled ILO estimate)",SL.UEM.TOTL.ZS,,,,,,,,,,,,,,,,,,,,,,,,,,,,,,,,16.855,16.978,17.399,17.4,16.987,16.275,16.172,16.371,16.593,16.682,16.7,16.488,16.498,16.378,16.36,16.206,16.153,16.228,16.431,16.618,16.77,16.562,16.492,16.406,16.49,16.575,16.61,16.594,16.497,16.69,15.799,14.602,14.537,14.464
Albania,ALB,"Unemployment, total (% of total labor force) (modeled ILO estimate)",SL.UEM.TOTL.ZS,,,,,,,,,,,,,,,,,,,,,,,,,,,,,,,,10.304,30.007,25.251,20.835,14.607,13.928,16.872,20.042,20.835,19.023,18.57,17.891,16.985,16.306,15.966,15.626,15.966,13.06,13.674,14.086,13.481,13.376,15.866,18.055,17.193,15.418,13.616,12.304,11.466,11.69,11.474,10.137,10.108,10.25
Andorra,AND,"Unemployment, total (% of total labor force) (modeled ILO estimate)",SL.UEM.TOTL.ZS,,,,,,,,,,,,,,,,,,,,,,,,,,,,,,,,,,,,,,,,,,,,,,,,,,,,,,,,,,,,,,,,,
Arab World,ARB,"Unemployment, total (% of total labor force) (modeled ILO estimate)",SL.UEM.TOTL.ZS,,,,,,,,,,,,,,,,,,,,,,,,,,,,,,,,11.91450838,12.16038536,12.91827435,13.02517166,13.51686253,12.47717778,12.01108244,11.96468986,12.14480586,12.62748706,12.505882,12.5125295,12.45635109,11.43300203,11.24072506,10.52323807,10.15082224,9.880419777,9.466394601,9.577473952,10.69329594,11.07494196,11.0437281,11.03740172,11.14891357,10.8562902,11.11310755,10.65973963,10.21609802,11.32561254,10.88965878,9.953570646,9.581397143,9.461238356
United Arab Emirates,ARE,"Unemployment, total (% of total labor force) (modeled ILO estimate)",SL.UEM.TOTL.ZS,,,,,,,,,,,,,,,,,,,,,,,,,,,,,,,,1.625,1.713,1.905,1.836,1.8,1.834,1.904,2.068,2.197,2.25,2.444,2.661,2.908,2.965,3.12,2.963,2.936,2.821,2.944,2.811,2.596,2.327,2.126,2.002,1.793,1.64,2.462,2.236,2.331,4.294,3.105,2.872,2.151,2.133
Argentina,ARG,"Unemployment, total (% of total labor force) (modeled ILO estimate)",SL.UEM.TOTL.ZS,,,,,,,,,,,,,,,,,,,,,,,,,,,,,,,,5.44,6.36,10.1,11.76,18.8,17.11,14.82,12.65,14.05,15,17.32,19.59,15.36,13.522,11.506,10.078,8.47,7.837,8.645,7.714,7.18,7.217,7.1,7.268,7.579,8.085,8.347,9.22,9.843,11.461,8.736,6.805,6.139,7.876
Armenia,ARM,"Unemployment, total (% of total labor force) (modeled ILO estimate)",SL.UEM.TOTL.ZS,,,,,,,,,,,,,,,,,,,,,,,,,,,,,,,,1.783,1.8,5.3,6.6,6.7,9.3,10.8,9.4,11.2,11.095,10.992,10.833,10.705,10.617,10.54,10.465,10.394,17.1,19.295,19.523,18.884,17.511,16.576,17.498,18.261,17.617,17.704,18.966,18.304,18.175,15.469,13.379,13.245,13.329
American Samoa,ASM,"Unemployment, total (% of total labor force) (modeled ILO estimate)",SL.UEM.TOTL.ZS,,,,,,,,,,,,,,,,,,,,,,,,,,,,,,,,,,,,,,,,,,,,,,,,,,,,,,,,,,,,,,,,,
Antigua and Barbuda,ATG,"Unemployment, total (% of total labor force) (modeled ILO estimate)",SL.UEM.TOTL.ZS,,,,,,,,,,,,,,,,,,,,,,,,,,,,,,,,,,,,,,,,,,,,,,,,,,,,,,,,,,,,,,,,,
Australia,AUS,"Unemployment, total (% of total labor force) (modeled ILO estimate)",SL.UEM.TOTL.ZS,,,,,,,,,,,,,,,,,,,,,,,,,,,,,,,,9.586,10.733,10.879,9.724,8.473,8.509,8.367,7.684,6.876,6.288,6.747,6.375,5.933,5.399,5.036,4.785,4.381,4.242,5.565,5.214,5.083,5.225,5.663,6.078,6.055,5.711,5.592,5.3,5.159,6.456,5.116,3.728,3.668,4.072
Austria,AUT,"Unemployment, total (% of total labor force) (modeled ILO estimate)",SL.UEM.TOTL.ZS,,,,,,,,,,,,,,,,,,,,,,,,,,,,,,,,3.42,3.59,4.25,3.535,4.345,5.282,5.15,5.483,4.699,4.687,4.007,4.852,4.779,5.969,5.682,5.32,4.909,4.198,5.371,4.883,4.637,4.909,5.367,5.674,5.802,6.064,5.561,4.933,4.56,5.201,6.459,4.992,5.264,5.439
Azerbaijan,AZE,"Unemployment, total (% of total labor force) (modeled ILO estimate)",SL.UEM.TOTL.ZS,,,,,,,,,,,,,,,,,,,,,,,,,,,,,,,,0.9,1.8,4.5,6.3,7.2,8.1,9.1,10,10.9,11.78,10.91,10.04,9.17,7.99,7.26,6.62,6.33,5.86,5.74,5.63,5.42,5.19,4.97,4.91,4.96,5,5,4.9,5,7.24,6.04,5.65,5.636,5.594
Burundi,BDI,"Unemployment, total (% of total labor force) (modeled ILO estimate)",SL.UEM.TOTL.ZS,,,,,,,,,,,,,,,,,,,,,,,,,,,,,,,,3.158,3.133,3.08,3.095,3.077,3.076,3.116,3.159,3.125,3.129,3.15,3.169,3.134,3.177,3.153,3.185,2.401,1.634,1.621,1.616,1.602,1.593,1.584,1.572,1.442,1.347,1.247,1.146,1.043,1.03,1.118,0.915,0.921,0.902
Belgium,BEL,"Unemployment, total (% of total labor force) (modeled ILO estimate)",SL.UEM.TOTL.ZS,,,,,,,,,,,,,,,,,,,,,,,,,,,,,,,,6.984,6.702,8.078,9.645,9.337,9.483,8.95,9.322,8.649,6.586,6.178,6.91,7.68,7.363,8.44,8.246,7.459,6.976,7.908,8.293,7.14,7.542,8.425,8.523,8.482,7.83,7.09,5.941,5.364,5.545,6.248,5.57,5.528,5.488
Benin,BEN,"Unemployment, total (% of total labor force) (modeled ILO estimate)",SL.UEM.TOTL.ZS,,,,,,,,,,,,,,,,,,,,,,,,,,,,,,,,1.64,1.51,1.495,1.455,1.305,1.246,1.099,1.048,0.949,0.864,0.765,0.69,0.747,0.79,0.86,0.889,0.902,0.894,0.949,1.04,2.647,2.406,2.099,1.872,1.82,1.784,1.659,1.41,1.214,1.502,1.779,1.685,1.657,1.722
Burkina Faso,BFA,"Unemployment, total (% of total labor force) (modeled ILO estimate)",SL.UEM.TOTL.ZS,,,,,,,,,,,,,,,,,,,,,,,,,,,,,,,,2.477,2.511,2.438,2.58,2.533,2.451,2.416,2.44,2.549,2.679,2.74,2.851,2.78,3.473,4,3.669,3.3,3.496,3.711,3.723,3.827,3.856,4.055,4.251,4.461,4.587,4.656,4.695,4.71,5.04,5.2,5.389,5.348,5.166
Bangladesh,BGD,"Unemployment, total (% of total labor force) (modeled ILO estimate)",SL.UEM.TOTL.ZS,,,,,,,,,,,,,,,,,,,,,,,,,,,,,,,,2.2,2.234,2.311,2.371,2.441,2.51,2.698,2.893,3.087,3.27,3.61,3.966,4.32,4.314,4.25,3.591,4.017,4.492,5,3.379,3.736,4.071,4.426,4.416,4.396,4.35,4.372,4.407,4.441,5.436,5.327,4.593,4.454,4.68
Bulgaria,BGR,"Unemployment, total (% of total labor force) (modeled ILO estimate)",SL.UEM.TOTL.ZS,,,,,,,,,,,,,,,,,,,,,,,,,,,,,,,,11.1,15.3,16.4,12.8,11.1,12.5,13.7,12.2,14.1,16.218,19.921,18.11,13.733,12.037,10.083,8.951,6.878,5.609,6.817,10.279,11.26,12.27,12.941,11.424,9.143,7.575,6.164,5.211,4.23,5.125,5.267,4.268,4.319,4.104
Bahrain,BHR,"Unemployment, total (% of total labor force) (modeled ILO estimate)",SL.UEM.TOTL.ZS,,,,,,,,,,,,,,,,,,,,,,,,,,,,,,,,1.051,0.971,0.884,1.009,1.047,1.182,1.129,1.117,1.115,1.083,1.12,1.139,1.128,1.065,1.021,1.021,1.006,1.014,1.07,1.13,1.21,1.2,1.182,1.141,1.16,1.192,1.194,1.2,1.223,1.781,1.541,1.326,1.154,1.102
"Bahamas, The",BHS,"Unemployment, total (% of total labor force) (modeled ILO estimate)",SL.UEM.TOTL.ZS,,,,,,,,,,,,,,,,,,,,,,,,,,,,,,,,12.17,14.81,12.72,13.83,10.83,11.46,9.76,7.65,7.45,7.12,6.87,9.05,10.84,10.2,10.2,7.54,7.88,8.18,14.25,14.432,14.52,14.02,16.18,13.8,12,12.7,9.8,10,9.336,12.027,11.032,9.272,8.643,8.463
Bosnia and Herzegovina,BIH,"Unemployment, total (% of total labor force) (modeled ILO estimate)",SL.UEM.TOTL.ZS,,,,,,,,,,,,,,,,,,,,,,,,,,,,,,,,17.55,18.5,19.454,20.383,21.078,21.725,22.378,23.295,24.284,25.187,26.289,27.312,28.447,29.276,30.227,31.11,28.984,23.405,24.068,27.312,27.582,28.01,27.49,27.517,27.695,25.408,20.527,18.4,15.692,15.868,14.897,12.657,10.668,10.723
Belarus,BLR,"Unemployment, total (% of total labor force) (modeled ILO estimate)",SL.UEM.TOTL.ZS,,,,,,,,,,,,,,,,,,,,,,,,,,,,,,,,0.6,3.1,8.5,12.8,17.7,24.4,17.1,14,12.8,12.224,11.609,10.908,10.215,9.452,8.728,8.024,7.38,6.698,6.1,6.045,6.022,5.946,5.937,5.902,5.881,5.844,5.648,4.763,4.165,4.049,3.9,3.574,3.461,3.361
Belize,BLZ,"Unemployment, total (% of total labor force) (modeled ILO estimate)",SL.UEM.TOTL.ZS,,,,,,,,,,,,,,,,,,,,,,,,,,,,,,,,9.69,9.697,9.78,11.1,12.48,13.82,12.68,14.31,12.84,10.836,9.07,10.04,10.343,10.584,10.91,9.39,8.51,8.18,8.328,8.416,8.43,8.379,8.349,8.244,7.578,7,6.596,7.896,9.053,10.784,10.322,8.763,8.267,7
Bermuda,BMU,"Unemployment, total (% of total labor force) (modeled ILO estimate)",SL.UEM.TOTL.ZS,,,,,,,,,,,,,,,,,,,,,,,,,,,,,,,,,,,,,,,,,,,,,,,,,,,,,,,,,,,,,,,,,
Bolivia,BOL,"Unemployment, total (% of total labor force) (modeled ILO estimate)",SL.UEM.TOTL.ZS,,,,,,,,,,,,,,,,,,,,,,,,,,,,,,,,2.934,3.031,3.05,3.08,2.661,2.373,2.08,2.121,2.303,2.447,2.636,2.613,2.664,2.622,2.603,2.577,2.616,2.603,2.973,2.608,2.255,2.066,2.437,2.021,3.111,3.498,3.655,3.519,3.682,7.903,5.089,3.552,3.024,3.091
Brazil,BRA,"Unemployment, total (% of total labor force) (modeled ILO estimate)",SL.UEM.TOTL.ZS,,,,,,,,,,,,,,,,,,,,,,,,,,,,,,,,6.894,7.086,6.03,6.578,7.092,8.035,9.003,10.15,11.125,10.889,10.649,10.641,11.168,10.072,10.551,9.692,9.28,8.268,9.419,8.422,7.578,7.251,7.071,6.755,8.538,11.58,12.792,12.329,11.936,13.697,13.158,9.231,7.947,7.634
Barbados,BRB,"Unemployment, total (% of total labor force) (modeled ILO estimate)",SL.UEM.TOTL.ZS,,,,,,,,,,,,,,,,,,,,,,,,,,,,,,,,22.323,22.94,24.54,22.98,19.66,14.71,14.61,12.4,10.61,9.35,9.85,10.32,11,9.57,9.08,8.73,7.41,8.12,10.02,10.69,11.19,11.59,11.55,12.17,9.803,8.247,8.622,8.322,8.412,9.777,9.433,8.365,7.878,7.529
Brunei Darussalam,BRN,"Unemployment, total (% of total labor force) (modeled ILO estimate)",SL.UEM.TOTL.ZS,,,,,,,,,,,,,,,,,,,,,,,,,,,,,,,,4.7,4.711,4.806,4.892,4.982,5.035,5.186,5.347,5.434,5.459,5.499,5.575,5.663,5.786,5.931,5.997,6.091,6.216,6.411,6.455,6.442,6.482,6.655,6.862,7.726,8.574,9.316,8.7,6.6,7.409,4.905,5.191,5.183,5.144
Bhutan,BTN,"Unemployment, total (% of total labor force) (modeled ILO estimate)",SL.UEM.TOTL.ZS,,,,,,,,,,,,,,,,,,,,,,,,,,,,,,,,1.385,1.397,1.433,1.413,1.404,1.392,1.393,1.4,1.4,1.66,1.9,1.853,1.8,2.49,3.1,3.13,3.7,3.842,3.96,3.32,3.23,2.05,2.87,2.63,2.45,2.705,3.016,3.35,2.72,5.03,4.803,5.947,3.126,2.856
Botswana,BWA,"Unemployment, total (% of total labor force) (modeled ILO estimate)",SL.UEM.TOTL.ZS,,,,,,,,,,,,,,,,,,,,,,,,,,,,,,,,13.82,16.326,18.759,21.2,21.394,21.593,21.048,20.86,18.236,15.88,18.54,21.268,23.8,21.758,19.847,17.782,16.998,16.328,16.169,17.86,18.054,17.952,18.203,18.514,18.93,19.329,19.664,19.681,20.094,21.017,23.106,23.615,23.381,23.138
Central African Republic,CAF,"Unemployment, total (% of total labor force) (modeled ILO estimate)",SL.UEM.TOTL.ZS,,,,,,,,,,,,,,,,,,,,,,,,,,,,,,,,5.334,5.455,5.521,5.551,5.51,5.488,5.449,5.421,5.411,5.362,5.405,5.437,5.433,5.352,5.314,5.235,5.191,5.139,5.202,5.291,5.281,5.243,5.243,5.326,5.477,5.491,5.534,5.517,5.607,6.196,6.375,5.956,5.877,5.899
Canada,CAN,"Unemployment, total (% of total labor force) (modeled ILO estimate)",SL.UEM.TOTL.ZS,,,,,,,,,,,,,,,,,,,,,,,,,,,,,,,,10.316,11.197,11.377,10.395,9.489,9.62,9.1,8.278,7.583,6.829,7.219,7.665,7.574,7.185,6.758,6.484,6.156,6.284,8.46,8.178,7.637,7.392,7.143,7.023,6.945,7.038,6.426,5.837,5.69,9.657,7.527,5.279,5.415,6.45
Central Europe and the Baltics,CEB,"Unemployment, total (% of total labor force) (modeled ILO estimate)",SL.UEM.TOTL.ZS,,,,,,,,,,,,,,,,,,,,,,,,,,,,,,,,9.577148268,10.21937432,11.71232557,11.56364004,11.018437,10.36504663,9.461531053,9.191343823,10.6194719,12.16612156,13.50505901,13.95710153,13.26355901,12.87662965,12.03105717,10.11720853,7.805137237,6.600048232,8.516515684,9.926547566,9.808862847,10.00889884,10.07532362,8.876275865,7.814029587,6.480099969,5.28282284,4.303695628,3.770153482,4.361481611,4.46083553,3.98390654,4.014051053,3.867636429
Switzerland,CHE,"Unemployment, total (% of total labor force) (modeled ILO estimate)",SL.UEM.TOTL.ZS,,,,,,,,,,,,,,,,,,,,,,,,,,,,,,,,1.818,2.344,3.551,3.58,3.094,3.684,4.127,3.568,3.053,2.658,2.49,2.924,4.117,4.316,4.437,3.995,3.641,3.35,4.109,4.808,4.409,4.491,4.747,4.826,4.801,4.918,4.797,4.713,4.394,4.817,5.013,4.122,4.043,4.11
Channel Islands,CHI,"Unemployment, total (% of total labor force) (modeled ILO estimate)",SL.UEM.TOTL.ZS,,,,,,,,,,,,,,,,,,,,,,,,,,,,,,,,5.861,6.316,7.299,7.46,7.2,7.125,6.912,6.498,6.121,5.551,5.232,5.507,5.842,6.047,6.028,5.762,5.414,5.478,6.874,7.225,7.457,8.264,8.82,8.571,8.178,7.715,7.12,6.571,6.408,6.863,6.875,6.147,6.187,6.256
Chile,CHL,"Unemployment, total (% of total labor force) (modeled ILO estimate)",SL.UEM.TOTL.ZS,,,,,,,,,,,,,,,,,,,,,,,,,,,,,,,,5.23,4.35,4.49,5.87,4.7,7.414,7.136,7.307,11.158,10.491,10.39,10.168,9.765,10.162,9.34,9.024,8.427,9.285,11.313,8.278,7.277,6.562,6.074,6.483,6.313,6.673,7.257,7.623,7.493,10.934,9.281,8.249,9.013,9.056
China,CHN,"Unemployment, total (% of total labor force) (modeled ILO estimate)",SL.UEM.TOTL.ZS,,,,,,,,,,,,,,,,,,,,,,,,,,,,,,,,2.37,2.37,2.69,2.9,3,3.12,3.23,3.24,3.25,3.26,3.8,4.24,4.58,4.49,4.52,4.43,4.35,4.59,4.72,4.53,4.55,4.58,4.6,4.63,4.65,4.56,4.47,4.31,4.56,5,4.55,4.98,4.67,4.571
Cote d'Ivoire,CIV,"Unemployment, total (% of total labor force) (modeled ILO estimate)",SL.UEM.TOTL.ZS,,,,,,,,,,,,,,,,,,,,,,,,,,,,,,,,6.603,6.7,5.866,5.041,4.1,4.043,3.973,4.1,4.415,4.816,5.167,5.474,5.805,5.883,5.999,6.009,6.272,6.379,6.571,6.618,7.135,7.223,4.255,3.285,2.579,1.896,3.272,2.85,2.401,2.584,2.63,2.306,2.27,2.288
Cameroon,CMR,"Unemployment, total (% of total labor force) (modeled ILO estimate)",SL.UEM.TOTL.ZS,,,,,,,,,,,,,,,,,,,,,,,,,,,,,,,,8.936,8.999,9.089,8.83,8.566,8.06,7.864,7.702,7.601,7.536,7.46,6.709,5.908,5.091,4.4,3.729,3.063,3.387,3.744,4.11,3.987,3.835,3.685,3.534,3.518,3.528,3.568,3.601,3.622,3.87,3.973,3.653,3.613,3.518
"Congo, Dem. Rep.",COD,"Unemployment, total (% of total labor force) (modeled ILO estimate)",SL.UEM.TOTL.ZS,,,,,,,,,,,,,,,,,,,,,,,,,,,,,,,,3.267,3.36,3.433,3.389,3.276,3.153,3.166,3.188,3.22,3.234,3.239,3.17,3.053,2.975,2.948,3.174,3.403,3.627,3.88,4.096,4.315,4.485,4.468,4.436,4.439,4.521,4.601,4.618,4.591,5.345,5.28,4.522,4.484,4.556
"Congo, Rep.",COG,"Unemployment, total (% of total labor force) (modeled ILO estimate)",SL.UEM.TOTL.ZS,,,,,,,,,,,,,,,,,,,,,,,,,,,,,,,,19.917,19.92,19.985,20.232,20.192,20.033,19.886,19.895,20.11,19.87,19.877,19.664,19.871,19.886,19.796,19.587,19.894,19.94,19.833,19.345,19.464,19.512,19.827,19.691,19.978,20.223,20.611,20.701,20.392,22.198,21.96,20.108,19.898,19.694
Colombia,COL,"Unemployment, total (% of total labor force) (modeled ILO estimate)",SL.UEM.TOTL.ZS,,,,,,,,,,,,,,,,,,,,,,,,,,,,,,,,10.12,9.44,7.8,8.25,8.72,11.81,12.14,15,20.06,20.52,15.04,14.481,13.221,13.717,11.062,11.091,11.204,11.273,12.066,11.153,10.288,9.959,9.246,8.799,8.572,8.922,9.086,9.36,10.28,15.983,13.898,10.547,9.594,9.608
Comoros,COM,"Unemployment, total (% of total labor force) (modeled ILO estimate)",SL.UEM.TOTL.ZS,,,,,,,,,,,,,,,,,,,,,,,,,,,,,,,,4.805,4.532,4.576,4.57,4.681,4.781,4.564,4.617,4.546,4.398,4.377,4.369,4.559,4.571,4.522,4.473,4.46,4.398,4.348,4.248,4.207,4.17,4.118,4.119,4.121,4.104,4.03,3.942,3.934,4.471,4.394,3.816,3.776,3.875
Cabo Verde,CPV,"Unemployment, total (% of total labor force) (modeled ILO estimate)",SL.UEM.TOTL.ZS,,,,,,,,,,,,,,,,,,,,,,,,,,,,,,,,13.535,13.448,13.314,13.016,12.969,12.934,13.078,13.117,13.13,13.088,13.278,13.397,13.592,13.465,13.45,13.397,13.323,13.335,13.517,10.67,10.948,11.142,11.392,11.674,11.907,12.077,12.24,12.17,12.128,14.69,13.976,12.246,11.971,11.878
Costa Rica,CRI,"Unemployment, total (% of total labor force) (modeled ILO estimate)",SL.UEM.TOTL.ZS,,,,,,,,,,,,,,,,,,,,,,,,,,,,,,,,5.37,3.93,3.95,4.05,5.18,6.16,5.68,5.33,5.9,5.08,6.051,6.396,6.654,6.445,6.749,5.926,4.557,4.934,7.824,7.171,9.518,9.11,8.218,8.499,8.415,8.085,7.729,9.01,10.807,16.432,15.139,11.325,8.325,7.848
Caribbean small states,CSS,"Unemployment, total (% of total labor force) (modeled ILO estimate)",SL.UEM.TOTL.ZS,,,,,,,,,,,,,,,,,,,,,,,,,,,,,,,,16.30295284,17.0480242,16.85742239,16.13145218,14.66404169,14.20912076,13.62106721,13.04858254,12.50505545,11.75245962,11.18796506,11.30946036,11.53528793,10.28454749,9.972317389,8.681643963,8.187969957,7.858767834,9.170810288,8.787665473,8.803009767,8.974193967,8.849960623,8.586168642,8.197331467,8.498719006,8.220608871,8.422285556,8.162114305,9.86550042,9.538943393,8.388552353,7.821884021,7.423938916
Cuba,CUB,"Unemployment, total (% of total labor force) (modeled ILO estimate)",SL.UEM.TOTL.ZS,,,,,,,,,,,,,,,,,,,,,,,,,,,,,,,,8.311,8.778,9.261,8.801,8.27,7.61,7.1,6.23,6.26,5.45,4.08,3.31,2.33,1.854,1.95,1.913,1.788,1.583,1.67,2.5,3.18,3.46,3.29,2.7,2.4,2,1.7,1.7,1.705,2.24,2.116,1.82,1.719,1.53
Curacao,CUW,"Unemployment, total (% of total labor force) (modeled ILO estimate)",SL.UEM.TOTL.ZS,,,,,,,,,,,,,,,,,,,,,,,,,,,,,,,,,,,,,,,,,,,,,,,,,,,,,,,,,,,,,,,,,
Cayman Islands,CYM,"Unemployment, total (% of total labor force) (modeled ILO estimate)",SL.UEM.TOTL.ZS,,,,,,,,,,,,,,,,,,,,,,,,,,,,,,,,,,,,,,,,,,,,,,,,,,,,,,,,,,,,,,,,,
Cyprus,CYP,"Unemployment, total (% of total labor force) (modeled ILO estimate)",SL.UEM.TOTL.ZS,,,,,,,,,,,,,,,,,,,,,,,,,,,,,,,,3,2.09,2.7,2.7,2.6,3.1,3.4,3.3,5.532,4.766,4.043,3.336,4.153,4.77,5.481,4.593,3.946,3.756,5.594,6.359,7.942,12.097,16.131,16.277,15.026,13.006,11.155,8.504,7.155,7.755,7.513,6.806,6.098,5.602
Czechia,CZE,"Unemployment, total (% of total labor force) (modeled ILO estimate)",SL.UEM.TOTL.ZS,,,,,,,,,,,,,,,,,,,,,,,,,,,,,,,,2.27,2.6,4.349,4.284,4.082,3.852,4.674,6.455,8.702,8.764,8.128,7.28,7.777,8.298,7.927,7.141,5.316,4.392,6.662,7.281,6.712,6.979,6.953,6.108,5.048,3.952,2.893,2.246,2.015,2.55,2.803,2.224,2.579,2.506
Germany,DEU,"Unemployment, total (% of total labor force) (modeled ILO estimate)",SL.UEM.TOTL.ZS,,,,,,,,,,,,,,,,,,,,,,,,,,,,,,,,5.316,6.323,7.675,8.727,8.158,8.822,9.861,9.787,8.854,7.917,7.773,8.482,9.779,10.727,11.193,10.277,8.732,7.508,7.88,7.043,5.967,5.372,5.316,4.979,4.612,4.104,3.781,3.384,3.163,3.881,3.594,3.12,3.068,3.406
Djibouti,DJI,"Unemployment, total (% of total labor force) (modeled ILO estimate)",SL.UEM.TOTL.ZS,,,,,,,,,,,,,,,,,,,,,,,,,,,,,,,,25.669,25.985,26.728,27.103,27.279,27.153,27.156,27.013,26.74,26.664,26.599,26.59,26.488,26.446,26.452,26.387,26.3,26.194,26.33,26.371,26.314,26.187,26.157,26.173,26.07,25.992,26.064,26.184,26.256,27.713,27.668,26.307,26.154,25.875
Dominica,DMA,"Unemployment, total (% of total labor force) (modeled ILO estimate)",SL.UEM.TOTL.ZS,,,,,,,,,,,,,,,,,,,,,,,,,,,,,,,,,,,,,,,,,,,,,,,,,,,,,,,,,,,,,,,,,
Denmark,DNK,"Unemployment, total (% of total labor force) (modeled ILO estimate)",SL.UEM.TOTL.ZS,,,,,,,,,,,,,,,,,,,,,,,,,,,,,,,,9.099,9.027,10.719,8.036,6.992,6.844,5.4,5.039,5.141,4.476,4.164,4.274,5.398,5.204,4.83,3.897,3.801,3.683,6.409,7.746,7.769,7.798,7.384,6.925,6.278,5.989,5.833,5.131,5.018,5.637,5.043,4.434,5.094,5.587
Dominican Republic,DOM,"Unemployment, total (% of total labor force) (modeled ILO estimate)",SL.UEM.TOTL.ZS,,,,,,,,,,,,,,,,,,,,,,,,,,,,,,,,6.907,6.7,6.331,6.29,6.45,6.496,6.324,6.301,6.308,6.432,7.262,6.779,6.938,6.303,6.587,5.654,5.158,4.764,5.467,5.212,6.087,6.722,7.351,6.719,7.605,7.284,5.832,5.861,6.356,6.126,7.702,5.504,5.555,5.473
Algeria,DZA,"Unemployment, total (% of total labor force) (modeled ILO estimate)",SL.UEM.TOTL.ZS,,,,,,,,,,,,,,,,,,,,,,,,,,,,,,,,20.6,24.38,26.23,27.74,31.84,28.308,25.43,26.853,28.548,29.77,27.3,25.9,23.72,17.65,15.27,12.27,13.79,11.33,10.16,9.96,9.96,10.97,9.82,10.207,11.206,10.202,12,12.137,12.259,14.057,13.63,12.346,11.701,11.427
East Asia & Pacific (excluding high income),EAP,"Unemployment, total (% of total labor force) (modeled ILO estimate)",SL.UEM.TOTL.ZS,,,,,,,,,,,,,,,,,,,,,,,,,,,,,,,,2.407113609,2.376113066,2.627141473,2.924671038,3.007669686,3.111933452,3.203478776,3.373905224,3.468644862,3.423303793,3.845481266,4.158904186,4.406100125,4.400817519,4.479853274,4.373462717,4.353817008,4.434586902,4.416219489,4.155455391,4.105799793,4.044540832,4.046443743,4.041865758,4.116369924,4.034042927,3.911714815,3.802343783,3.893305531,4.360739681,4.122485917,4.223298385,3.972396589,3.885789699
Early-demographic dividend,EAR,"Unemployment, total (% of total labor force) (modeled ILO estimate)",SL.UEM.TOTL.ZS,,,,,,,,,,,,,,,,,,,,,,,,,,,,,,,,6.334399861,6.403852033,6.58222654,6.805463026,7.076314932,6.921548622,6.806717561,6.916954645,7.10847435,7.114722497,7.20100761,7.446631973,7.338578224,7.220759258,7.131898774,6.906909718,6.841708206,6.798740057,6.922076634,6.72549254,6.641632694,6.739132559,6.717680939,6.646582389,6.821258332,6.759151988,6.745125147,6.79972999,6.334711304,7.410809782,6.786333959,5.714150891,5.260029505,5.298738986
East Asia & Pacific,EAS,"Unemployment, total (% of total labor force) (modeled ILO estimate)",SL.UEM.TOTL.ZS,,,,,,,,,,,,,,,,,,,,,,,,,,,,,,,,2.45348172,2.446484996,2.701206752,2.969251337,3.044388396,3.158838549,3.247821982,3.538893131,3.650271071,3.554208286,3.956743035,4.256001747,4.469945707,4.420429623,4.46538304,4.341899718,4.294623914,4.373138942,4.46622744,4.217137536,4.122815421,4.053125327,4.038528699,4.017839961,4.082512928,3.995805158,3.865650242,3.744974769,3.814721,4.289700499,4.054342453,4.089531228,3.857711655,3.783246133
Europe & Central Asia (excluding high income),ECA,"Unemployment, total (% of total labor force) (modeled ILO estimate)",SL.UEM.TOTL.ZS,,,,,,,,,,,,,,,,,,,,,,,,,,,,,,,,4.442878924,5.210971735,5.897294102,7.132095529,8.546988078,9.938049632,10.10649557,11.00802743,11.38968425,10.74844833,10.63995979,10.69031287,10.27821863,10.10623988,9.570569945,9.083026744,8.550210461,8.551479857,10.18981829,9.557935356,8.915331955,8.642456825,8.605277045,9.007788178,9.014593048,9.092405672,8.991502814,8.661131657,9.164450303,9.316387245,9.010554343,7.815804015,7.333127511,6.911840306
Europe & Central Asia,ECS,"Unemployment, total (% of total labor force) (modeled ILO estimate)",SL.UEM.TOTL.ZS,,,,,,,,,,,,,,,,,,,,,,,,,,,,,,,,6.887755315,7.494709778,8.654859246,9.649719311,9.930064119,10.2662712,10.52310396,10.69147417,10.58486967,9.689920081,9.059740098,9.077116331,9.110023658,9.04883693,8.719151292,8.152849579,7.230967637,7.162204557,9.058438918,9.118623639,8.856219439,9.077080571,9.271873503,8.954600496,8.570259081,8.091535647,7.498619372,6.898466519,6.645073581,7.113002368,6.910928566,5.859394448,5.586352535,5.368775607
Ecuador,ECU,"Unemployment, total (% of total labor force) (modeled ILO estimate)",SL.UEM.TOTL.ZS,,,,,,,,,,,,,,,,,,,,,,,,,,,,,,,,4.385,4.346,4.415,4.419,4.417,4.43,4.431,4.395,4.658,4.8,4.252,4.836,5.662,5.002,3.779,3.55,3.142,3.917,4.608,4.088,3.458,3.235,3.083,3.48,3.616,4.597,3.836,3.53,3.812,6.127,4.552,3.761,3.51,4.773
"Egypt, Arab Rep.",EGY,"Unemployment, total (% of total labor force) (modeled ILO estimate)",SL.UEM.TOTL.ZS,,,,,,,,,,,,,,,,,,,,,,,,,,,,,,,,9.38,8.92,10.92,10.93,11.04,9,8.37,8.03,7.95,8.98,9.26,10.01,10.91,10.32,11.049,10.49,8.8,8.517,9.087,8.757,11.849,12.597,13.154,13.105,13.052,12.45,11.767,9.855,7.851,7.974,7.441,7.344,7.334,7.198
Euro area,EMU,"Unemployment, total (% of total labor force) (modeled ILO estimate)",SL.UEM.TOTL.ZS,,,,,,,,,,,,,,,,,,,,,,,,,,,,,,,,8.317217183,8.929560719,10.6900899,11.73694559,11.41847061,11.62372177,11.64196549,11.20457525,10.45316983,9.472242219,8.418732606,8.679891671,9.020840534,9.289857621,9.149557434,8.429085408,7.536789652,7.543878985,9.63276496,10.17350361,10.258941,11.41491139,11.99827609,11.62617652,10.88315194,10.03346318,9.069845299,8.158556294,7.519361423,7.829555597,7.722352289,6.749181605,6.557963146,6.413875718
Eritrea,ERI,"Unemployment, total (% of total labor force) (modeled ILO estimate)",SL.UEM.TOTL.ZS,,,,,,,,,,,,,,,,,,,,,,,,,,,,,,,,5.097,5.256,5.33,5.385,5.266,5.215,5.328,5.441,5.553,5.608,5.678,5.708,5.679,5.569,5.579,5.566,5.575,5.524,5.583,5.675,5.614,5.501,5.423,5.43,5.541,5.554,5.577,5.511,5.552,6.088,6.177,5.695,5.586,5.553
Spain,ESP,"Unemployment, total (% of total labor force) (modeled ILO estimate)",SL.UEM.TOTL.ZS,,,,,,,,,,,,,,,,,,,,,,,,,,,,,,,,15.929,17.697,22.156,24.209,22.675,22.142,20.698,18.673,15.475,13.785,10.348,11.146,11.283,11.09,9.146,8.452,8.232,11.254,17.857,19.86,21.39,24.789,26.094,24.441,22.057,19.635,17.224,15.255,14.104,15.532,14.781,12.917,12.179,11.394
Estonia,EST,"Unemployment, total (% of total labor force) (modeled ILO estimate)",SL.UEM.TOTL.ZS,,,,,,,,,,,,,,,,,,,,,,,,,,,,,,,,1.468,3.681,6.544,7.561,9.659,9.915,10.369,9.51,11.573,13.36,13.134,10.026,11.288,10.248,8.033,5.915,4.592,5.455,13.548,16.707,12.328,10.021,8.631,7.352,6.412,6.882,5.807,5.412,4.514,6.956,6.178,5.571,6.378,7.828
Ethiopia,ETH,"Unemployment, total (% of total labor force) (modeled ILO estimate)",SL.UEM.TOTL.ZS,,,,,,,,,,,,,,,,,,,,,,,,,,,,,,,,3.264,3.379,3.235,3.1,3.029,3.146,3.255,3.494,3.714,3.5,3.176,3.06,2.995,2.767,2.497,2.351,2.347,2.335,2.331,2.3,2.275,2.255,2.251,2.359,2.443,2.554,2.662,2.802,2.917,3.994,3.935,3.409,3.402,3.398
European Union,EUU,"Unemployment, total (% of total labor force) (modeled ILO estimate)",SL.UEM.TOTL.ZS,,,,,,,,,,,,,,,,,,,,,,,,,,,,,,,,8.587637766,9.237240143,10.85780413,11.54875825,11.1089009,11.14303613,10.96265352,10.52765044,10.21358068,9.706491198,9.210232892,9.564740129,9.703546299,9.855742435,9.631481279,8.686523342,7.501805062,7.241401103,9.21098128,9.872720938,9.927599508,10.87522616,11.34990807,10.82666865,10.01839871,9.107661317,8.134074913,7.255923595,6.688575564,7.053502103,7.014184537,6.144234647,6.025065807,5.918130252
Fragile and conflict affected situations,FCS,"Unemployment, total (% of total labor force) (modeled ILO estimate)",SL.UEM.TOTL.ZS,,,,,,,,,,,,,,,,,,,,,,,,,,,,,,,,4.509501591,4.460400645,4.485113603,4.581790106,5.064321646,5.329458282,5.428420922,5.67145416,5.905022189,5.888132243,5.802649936,5.770828472,5.641809718,5.486179125,5.175321288,5.041063527,4.966801361,5.003304269,5.058160954,5.133936326,5.179804813,5.243408206,5.230813431,5.374072231,5.470641381,5.617015486,5.830651942,5.829739634,5.879107366,6.651807556,6.777619441,5.609176212,5.20087834,5.021248451
Finland,FIN,"Unemployment, total (% of total labor force) (modeled ILO estimate)",SL.UEM.TOTL.ZS,,,,,,,,,,,,,,,,,,,,,,,,,,,,,,,,6.503,11.595,16.201,16.426,17.005,15.572,14.967,13.214,11.693,11.134,10.29,10.423,10.469,10.358,9.602,8.935,6.854,6.369,8.249,8.394,7.781,7.689,8.193,8.663,9.376,8.818,8.64,7.361,6.695,7.759,7.617,6.719,7.151,8.26
Fiji,FJI,"Unemployment, total (% of total labor force) (modeled ILO estimate)",SL.UEM.TOTL.ZS,,,,,,,,,,,,,,,,,,,,,,,,,,,,,,,,4.633,4.653,4.702,4.611,4.66,4.633,4.728,4.747,4.702,4.7,4.695,4.769,4.738,4.7,3.886,3.958,4.106,4.185,4.305,4.343,4.406,4.375,4.357,4.325,4.291,4.319,4.324,4.335,4.373,4.649,4.701,4.446,4.322,4.307
France,FRA,"Unemployment, total (% of total labor force) (modeled ILO estimate)",SL.UEM.TOTL.ZS,,,,,,,,,,,,,,,,,,,,,,,,,,,,,,,,9.134,10.203,11.32,12.593,11.834,12.367,12.566,12.074,11.981,10.218,8.61,8.702,8.306,8.914,8.882,8.832,8.008,7.386,9.122,9.279,9.228,9.841,9.913,10.273,10.354,10.057,9.409,9.018,8.415,8.009,7.874,7.308,7.335,7.37
Faroe Islands,FRO,"Unemployment, total (% of total labor force) (modeled ILO estimate)",SL.UEM.TOTL.ZS,,,,,,,,,,,,,,,,,,,,,,,,,,,,,,,,,,,,,,,,,,,,,,,,,,,,,,,,,,,,,,,,,
"Micronesia, Fed. Sts.",FSM,"Unemployment, total (% of total labor force) (modeled ILO estimate)",SL.UEM.TOTL.ZS,,,,,,,,,,,,,,,,,,,,,,,,,,,,,,,,,,,,,,,,,,,,,,,,,,,,,,,,,,,,,,,,,
Gabon,GAB,"Unemployment, total (% of total labor force) (modeled ILO estimate)",SL.UEM.TOTL.ZS,,,,,,,,,,,,,,,,,,,,,,,,,,,,,,,,17.282,17.725,17.78,17.794,17.411,17.347,17.197,17.176,17.572,17.789,17.762,17.351,17.119,17.095,16.91,17.785,18.261,19.191,19.753,20.39,19.941,19.728,19.794,19.916,19.978,20.134,20.303,20.439,20.358,21.27,21.218,20.399,20.278,20.061
United Kingdom,GBR,"Unemployment, total (% of total labor force) (modeled ILO estimate)",SL.UEM.TOTL.ZS,,,,,,,,,,,,,,,,,,,,,,,,,,,,,,,,8.55,9.772,10.346,9.648,8.694,8.189,7.072,6.198,6.042,5.558,4.696,5.037,4.807,4.594,4.835,5.411,5.342,5.705,7.627,7.924,8.169,8.25,7.704,6.363,5.517,4.867,4.452,4.12,3.613,4.472,4.826,3.73,3.984,4.111
Georgia,GEO,"Unemployment, total (% of total labor force) (modeled ILO estimate)",SL.UEM.TOTL.ZS,,,,,,,,,,,,,,,,,,,,,,,,,,,,,,,,2.7,5.4,5.4,8.4,7.6,11.5,11.5,14.53,13.8,10.82,11.16,12.59,11.51,12.62,13.81,13.57,13.28,17.87,20.71,20.203,19.632,19.653,19.416,17.439,16.506,16.604,13.939,12.667,11.565,11.73,11.791,11.647,11.537,11.48
Ghana,GHA,"Unemployment, total (% of total labor force) (modeled ILO estimate)",SL.UEM.TOTL.ZS,,,,,,,,,,,,,,,,,,,,,,,,,,,,,,,,3.489,4.7,5.239,5.896,6.48,7.083,7.636,8.2,10.1,10.456,9.602,8.695,7.72,6.756,5.816,4.897,5.092,5.144,5.348,5.384,4.227,3.141,2.173,4.415,6.806,5.232,3.369,3.253,3.16,3.313,3.384,3.084,3.063,3.007
Gibraltar,GIB,"Unemployment, total (% of total labor force) (modeled ILO estimate)",SL.UEM.TOTL.ZS,,,,,,,,,,,,,,,,,,,,,,,,,,,,,,,,,,,,,,,,,,,,,,,,,,,,,,,,,,,,,,,,,
Guinea,GIN,"Unemployment, total (% of total labor force) (modeled ILO estimate)",SL.UEM.TOTL.ZS,,,,,,,,,,,,,,,,,,,,,,,,,,,,,,,,4.573,4.598,4.573,4.526,4.481,4.5,4.458,4.488,4.509,4.599,4.597,4.549,4.644,4.743,4.875,4.93,4.818,4.829,4.967,5.097,5.094,4.884,4.967,5.09,5.224,5.013,4.826,4.787,5.018,6.018,5.827,5.267,5.244,5.23
"Gambia, The",GMB,"Unemployment, total (% of total labor force) (modeled ILO estimate)",SL.UEM.TOTL.ZS,,,,,,,,,,,,,,,,,,,,,,,,,,,,,,,,9.861,9.961,9.986,10.102,10.201,10.235,10.053,9.956,9.804,9.787,9.708,10.079,10.032,9.991,9.963,10.259,10.428,10.092,9.823,9.723,10.283,10.346,9.454,8.218,7.26,6.285,5.157,4.127,4.538,5.892,6.269,6.076,6.479,6.496
Guinea-Bissau,GNB,"Unemployment, total (% of total labor force) (modeled ILO estimate)",SL.UEM.TOTL.ZS,,,,,,,,,,,,,,,,,,,,,,,,,,,,,,,,3.038,3.099,3.148,3.172,3.132,3.022,2.986,3.39,3.539,3.557,3.154,3.181,3.244,3.238,3.174,3.154,3.149,3.164,3.152,3.137,3.08,3.143,3.162,3.254,3.157,3.123,3.066,3.127,2.413,2.89,3.031,2.666,2.65,2.622
Equatorial Guinea,GNQ,"Unemployment, total (% of total labor force) (modeled ILO estimate)",SL.UEM.TOTL.ZS,,,,,,,,,,,,,,,,,,,,,,,,,,,,,,,,7.25,7.45,7.594,7.699,7.738,7.792,7.832,7.886,7.954,7.955,8.032,8.09,8.11,8.03,8.008,7.924,7.877,7.831,7.939,8.07,8.045,7.957,7.86,7.845,7.95,7.962,8.004,7.967,8.064,8.781,8.976,8.455,8.367,7.823
Greece,GRC,"Unemployment, total (% of total labor force) (modeled ILO estimate)",SL.UEM.TOTL.ZS,,,,,,,,,,,,,,,,,,,,,,,,,,,,,,,,7.572,8.927,10.177,9.808,10.116,10.402,10.472,12.227,12.138,11.345,10.764,10.346,9.839,10.628,10.074,8.906,8.351,7.664,9.546,12.719,17.973,24.731,27.686,26.708,24.981,23.514,21.413,19.179,17.045,15.899,14.656,12.426,11.066,10.133
Grenada,GRD,"Unemployment, total (% of total labor force) (modeled ILO estimate)",SL.UEM.TOTL.ZS,,,,,,,,,,,,,,,,,,,,,,,,,,,,,,,,,,,,,,,,,,,,,,,,,,,,,,,,,,,,,,,,,
Greenland,GRL,"Unemployment, total (% of total labor force) (modeled ILO estimate)",SL.UEM.TOTL.ZS,,,,,,,,,,,,,,,,,,,,,,,,,,,,,,,,,,,,,,,,,,,,,,,,,,,,,,,,,,,,,,,,,
Guatemala,GTM,"Unemployment, total (% of total labor force) (modeled ILO estimate)",SL.UEM.TOTL.ZS,,,,,,,,,,,,,,,,,,,,,,,,,,,,,,,,2.684,2.639,2.599,2.581,2.577,2.625,2.61,2.609,2.567,2.606,2.745,2.747,2.807,2.971,3.059,2.948,2.824,2.873,3.208,3.497,3.172,2.765,3.017,2.717,2.506,2.583,2.462,2.283,2.193,2.955,2.174,3.051,2.344,2.219
Guam,GUM,"Unemployment, total (% of total labor force) (modeled ILO estimate)",SL.UEM.TOTL.ZS,,,,,,,,,,,,,,,,,,,,,,,,,,,,,,,,3.509,3.837,5.527,7.6,7.9,8.283,9.67,7.74,13.95,15.32,13.213,11.39,9.697,7.7,7,7.4,8.3,8.892,9.3,8.2,13.3,12.2,11.5,7.6,6.9,5.4,5.418,5.449,5.401,6.248,5.991,5.454,5.363,5.586
Guyana,GUY,"Unemployment, total (% of total labor force) (modeled ILO estimate)",SL.UEM.TOTL.ZS,,,,,,,,,,,,,,,,,,,,,,,,,,,,,,,,12.055,11.9,11.71,11.622,11.643,11.611,11.624,11.731,11.802,11.93,11.806,11.81,11.529,11.28,11.08,10.7,10.846,11.027,11.314,11.636,11.819,12.038,12.303,12.639,13.004,13.257,13.462,13.627,13.172,15.334,14.557,12.013,12.025,10.165
High income,HIC,"Unemployment, total (% of total labor force) (modeled ILO estimate)",SL.UEM.TOTL.ZS,,,,,,,,,,,,,,,,,,,,,,,,,,,,,,,,6.579811172,7.074371696,7.653530651,7.915909268,7.722048411,7.736564044,7.744558806,7.814596887,7.700744945,7.027629655,6.872927073,7.194273081,7.318739317,7.094467383,6.780222116,6.300388043,5.693595917,5.930420733,8.038055248,8.175671336,7.8070485,7.718462707,7.617774431,7.034735725,6.546483807,6.105665639,5.576590792,5.082106014,4.763018043,6.461614778,5.560637186,4.503011318,4.338660165,4.398870168
"Hong Kong SAR, China",HKG,"Unemployment, total (% of total labor force) (modeled ILO estimate)",SL.UEM.TOTL.ZS,,,,,,,,,,,,,,,,,,,,,,,,,,,,,,,,1.8,1.96,1.96,1.9,3.22,2.83,2.22,4.58,6.25,4.92,5.09,7.28,7.86,6.74,5.58,4.77,4.01,3.56,5.26,4.329,3.422,3.285,3.4,3.296,3.314,3.392,3.124,2.805,2.917,5.808,5.174,4.318,2.949,2.793
Honduras,HND,"Unemployment, total (% of total labor force) (modeled ILO estimate)",SL.UEM.TOTL.ZS,,,,,,,,,,,,,,,,,,,,,,,,,,,,,,,,4.58,3.06,3.097,3.136,3.24,4.37,3.32,4.02,3.85,3.881,4,4.02,5.3,5.99,4.909,3.574,3.211,3.156,3.292,4.119,4.474,3.755,5.646,7.078,6.147,6.727,5.528,5.648,5.698,10.982,8.506,8.774,6.07,6.061
Heavily indebted poor countries (HIPC),HPC,"Unemployment, total (% of total labor force) (modeled ILO estimate)",SL.UEM.TOTL.ZS,,,,,,,,,,,,,,,,,,,,,,,,,,,,,,,,5.119568268,5.224041221,5.219905821,5.16247929,4.990212567,4.964914549,4.902940269,4.966434866,5.110589475,5.154561362,5.08284362,5.049079201,4.999782419,4.85956399,4.694772943,4.606002043,4.55129278,4.532949801,4.574265235,4.789764251,4.749387079,4.557874057,4.280062646,4.286334994,4.428670974,4.371447715,4.384236968,4.35098845,4.358911386,5.084669868,4.990254516,4.446642037,4.226617652,4.212603895
Croatia,HRV,"Unemployment, total (% of total labor force) (modeled ILO estimate)",SL.UEM.TOTL.ZS,,,,,,,,,,,,,,,,,,,,,,,,,,,,,,,,11.14,10.914,10.794,10.45,10.108,9.68,9.71,11.392,13.559,16.064,15.822,15.053,13.924,13.664,12.598,11.13,9.909,8.53,9.202,11.62,13.678,15.935,17.251,17.29,16.175,13.103,11.208,8.432,6.617,7.507,7.608,6.96,6.086,5.236
Haiti,HTI,"Unemployment, total (% of total labor force) (modeled ILO estimate)",SL.UEM.TOTL.ZS,,,,,,,,,,,,,,,,,,,,,,,,,,,,,,,,7.363,7.428,7.595,7.97,7.565,7.325,6.978,7.162,7.2,8.454,9.754,11.046,12.18,13.453,14.587,15.908,16.8,16.195,15.351,15.252,14.485,14.1,13.642,13.755,13.724,13.852,13.881,13.878,14.057,15.546,15.28,14.635,14.556,15.058
Hungary,HUN,"Unemployment, total (% of total labor force) (modeled ILO estimate)",SL.UEM.TOTL.ZS,,,,,,,,,,,,,,,,,,,,,,,,,,,,,,,,8.5,9.942,12.098,10.847,10.168,10.022,8.991,8.925,6.929,6.563,5.671,5.608,5.79,5.832,7.189,7.494,7.406,7.817,10.03,11.172,11.029,11.003,10.177,7.725,6.813,5.115,4.156,3.708,3.419,4.25,4.045,3.609,4.107,4.434
IBRD only,IBD,"Unemployment, total (% of total labor force) (modeled ILO estimate)",SL.UEM.TOTL.ZS,,,,,,,,,,,,,,,,,,,,,,,,,,,,,,,,4.975250006,5.036624374,5.266196827,5.639261099,5.957836769,6.049510395,6.162958462,6.394206301,6.641701628,6.55733674,6.709061098,6.928416184,6.997188997,6.832903885,6.753467983,6.528085075,6.342271621,6.317963764,6.634253547,6.390027496,6.279305882,6.195733824,6.204277312,6.181138079,6.314932288,6.425582128,6.402894796,6.294315686,6.080765594,6.972138213,6.339003291,5.601595187,5.164780802,5.10842146
IDA & IBRD total,IBT,"Unemployment, total (% of total labor force) (modeled ILO estimate)",SL.UEM.TOTL.ZS,,,,,,,,,,,,,,,,,,,,,,,,,,,,,,,,4.824858094,4.883532359,5.087298513,5.397268375,5.647876954,5.72624914,5.812257285,6.013091916,6.228317295,6.156364062,6.274012365,6.443863193,6.489360103,6.332494591,6.243610421,6.026852404,5.869693976,5.860552072,6.120415081,5.904456073,5.81915504,5.815571078,5.780539482,5.738331063,5.90583826,5.965620379,5.988941555,5.924439811,5.783017561,6.643821142,6.171750281,5.423946597,5.03556816,4.975973122
IDA total,IDA,"Unemployment, total (% of total labor force) (modeled ILO estimate)",SL.UEM.TOTL.ZS,,,,,,,,,,,,,,,,,,,,,,,,,,,,,,,,4.108070396,4.162101238,4.256326598,4.287931208,4.241557246,4.280567149,4.262098254,4.347482383,4.436821129,4.437367526,4.428974788,4.410087671,4.37881771,4.270530439,4.1602876,4.003518161,3.986277009,4.065010955,4.136946367,4.064196051,4.100627615,4.414730295,4.239663624,4.139356247,4.446008815,4.344256583,4.552178647,4.660565415,4.782675381,5.576853161,5.630881022,4.862195674,4.62580357,4.559413839
IDA blend,IDB,"Unemployment, total (% of total labor force) (modeled ILO estimate)",SL.UEM.TOTL.ZS,,,,,,,,,,,,,,,,,,,,,,,,,,,,,,,,3.250072187,3.318014819,3.540424587,3.676479663,3.720116523,3.84144131,3.820592536,3.949375717,3.968295824,3.872825456,3.773205534,3.58269987,3.459825788,3.306019427,3.247880037,3.151039636,3.022122779,3.050917065,3.104436976,3.150758689,3.200107642,4.085861026,3.705673609,3.383750431,4.002560861,3.732200964,4.350360646,4.758530254,5.077267315,5.847926637,5.830786587,4.811322606,4.415089752,4.374618427
Indonesia,IDN,"Unemployment, total (% of total labor force) (modeled ILO estimate)",SL.UEM.TOTL.ZS,,,,,,,,,,,,,,,,,,,,,,,,,,,,,,,,2.617,2.734,2.782,4.366,4.611,4.861,4.684,5.459,6.358,6.077,6.082,6.604,6.657,7.303,7.945,7.551,8.06,7.208,6.106,5.614,5.153,4.468,4.336,4.049,4.514,4.301,3.783,4.387,3.59,4.255,3.827,3.462,3.308,3.3
IDA only,IDX,"Unemployment, total (% of total labor force) (modeled ILO estimate)",SL.UEM.TOTL.ZS,,,,,,,,,,,,,,,,,,,,,,,,,,,,,,,,4.55465161,4.602606042,4.62916363,4.606648013,4.512705713,4.510666589,4.495467703,4.557857031,4.685466574,4.738546376,4.780215659,4.853431802,4.872427943,4.79011193,4.652010128,4.46352224,4.508859502,4.617179665,4.701866356,4.566112067,4.595144739,4.596495919,4.536059703,4.560384226,4.695851504,4.689466093,4.665303603,4.606044701,4.61871805,5.424442148,5.517774929,4.890880348,4.748146829,4.667701724
Isle of Man,IMN,"Unemployment, total (% of total labor force) (modeled ILO estimate)",SL.UEM.TOTL.ZS,,,,,,,,,,,,,,,,,,,,,,,,,,,,,,,,,,,,,,,,,,,,,,,,,,,,,,,,,,,,,,,,,
India,IND,"Unemployment, total (% of total labor force) (modeled ILO estimate)",SL.UEM.TOTL.ZS,,,,,,,,,,,,,,,,,,,,,,,,,,,,,,,,7.722,7.733,7.75,7.645,7.608,7.558,7.61,7.639,7.617,7.624,7.653,7.753,7.68,7.625,7.552,7.552,7.561,7.656,7.664,7.652,7.616,7.666,7.711,7.674,7.631,7.601,7.618,7.652,6.51,7.859,6.38,4.822,4.172,4.202
Not classified,INX,"Unemployment, total (% of total labor force) (modeled ILO estimate)",SL.UEM.TOTL.ZS,,,,,,,,,,,,,,,,,,,,,,,,,,,,,,,,,,,,,,,,,,,,,,,,,,,,,,,,,,,,,,,,,
Ireland,IRL,"Unemployment, total (% of total labor force) (modeled ILO estimate)",SL.UEM.TOTL.ZS,,,,,,,,,,,,,,,,,,,,,,,,,,,,,,,,15.771,15.021,15.571,14.544,11.97,11.692,10.191,7.699,5.804,4.318,3.684,4.216,4.478,4.491,4.237,4.355,4.98,6.774,12.609,14.534,15.354,15.451,13.735,11.858,9.908,8.374,6.713,5.741,4.95,5.623,6.364,4.501,4.288,4.369
"Iran, Islamic Rep.",IRN,"Unemployment, total (% of total labor force) (modeled ILO estimate)",SL.UEM.TOTL.ZS,,,,,,,,,,,,,,,,,,,,,,,,,,,,,,,,11.1,10.653,10.567,10.448,9.896,9.1,9.681,10.358,11.173,11.696,12.36,12.8,11.529,10.3,11.813,11.519,10.772,10.63,12.113,13.679,12.491,12.275,10.595,10.68,11.166,12.618,12.232,12.195,10.74,9.687,9.282,9.085,9.041,9.192
Iraq,IRQ,"Unemployment, total (% of total labor force) (modeled ILO estimate)",SL.UEM.TOTL.ZS,,,,,,,,,,,,,,,,,,,,,,,,,,,,,,,,8.652,8.368,8.381,8.243,8.446,8.527,8.286,8.087,8.002,8.058,8.261,8.621,8.955,8.719,8.578,8.42,8.646,8.467,8.414,8.267,8.191,7.965,9.205,10.59,10.842,10.82,13.02,13.49,14.109,15.778,16.173,15.511,15.447,15.524
Iceland,ISL,"Unemployment, total (% of total labor force) (modeled ILO estimate)",SL.UEM.TOTL.ZS,,,,,,,,,,,,,,,,,,,,,,,,,,,,,,,,2.548,4.305,5.257,5.326,5.196,3.6,3.72,3.069,2.178,1.936,1.874,2.988,3.997,4.031,2.547,2.83,2.251,2.946,7.22,7.564,7.028,6,5.376,4.897,3.979,2.978,2.742,2.704,3.507,5.478,6.029,3.789,3.518,3.107
Israel,ISR,"Unemployment, total (% of total labor force) (modeled ILO estimate)",SL.UEM.TOTL.ZS,,,,,,,,,,,,,,,,,,,,,,,,,,,,,,,,13.387,14.08,12.741,9.934,8.782,8.455,9.751,10.749,11.183,11.102,11.812,12.888,13.505,13.029,11.342,10.707,9.379,7.704,9.534,8.48,7.139,6.762,6.137,5.789,5.176,4.723,4.14,3.917,3.731,4.169,4.812,3.695,3.596,3.15
Italy,ITA,"Unemployment, total (% of total labor force) (modeled ILO estimate)",SL.UEM.TOTL.ZS,,,,,,,,,,,,,,,,,,,,,,,,,,,,,,,,10.097,9.321,10.212,11.086,11.661,11.864,11.985,12.117,11.681,10.834,9.599,9.211,8.869,7.866,7.73,6.777,6.076,6.723,7.749,8.363,8.359,10.655,12.149,12.683,11.896,11.688,11.211,10.61,9.951,9.164,9.497,8.069,7.627,6.778
Jamaica,JAM,"Unemployment, total (% of total labor force) (modeled ILO estimate)",SL.UEM.TOTL.ZS,,,,,,,,,,,,,,,,,,,,,,,,,,,,,,,,6.235,6.389,6.236,6.338,6.327,6.62,6.703,6.86,6.825,6.762,6.646,6.619,6.535,6.539,6.577,6.605,6.606,6.666,7.314,7.63,8.034,8.695,9.698,9.046,8.825,8.634,7.399,5.47,4.987,6.501,5.188,4.083,4.4,4.885
Jordan,JOR,"Unemployment, total (% of total labor force) (modeled ILO estimate)",SL.UEM.TOTL.ZS,,,,,,,,,,,,,,,,,,,,,,,,,,,,,,,,21.406,19.945,19.7,16.899,14.6,13.7,13.739,13.838,13.761,13.7,14.7,15.3,14.5,14.628,14.8,14,13.1,12.7,12.9,12.5,12.9,12.2,12.6,11.9,13.075,15.275,18.12,18.257,16.801,19.213,19.837,18.2,17.969,17.996
Japan,JPN,"Unemployment, total (% of total labor force) (modeled ILO estimate)",SL.UEM.TOTL.ZS,,,,,,,,,,,,,,,,,,,,,,,,,,,,,,,,2.059,2.158,2.539,2.89,3.15,3.383,3.374,4.078,4.677,4.748,5.02,5.386,5.251,4.734,4.446,4.192,3.888,4.002,5.068,5.102,4.55,4.358,4.038,3.589,3.385,3.132,2.822,2.467,2.351,2.809,2.828,2.6,2.6,2.563
Kazakhstan,KAZ,"Unemployment, total (% of total labor force) (modeled ILO estimate)",SL.UEM.TOTL.ZS,,,,,,,,,,,,,,,,,,,,,,,,,,,,,,,,0.9,1,1.11,7.54,10.98,12.96,13.01,13.13,13.46,12.75,10.43,9.33,8.78,8.4,8.13,7.79,7.26,6.63,6.55,5.77,5.39,5.29,5.2,5.06,4.93,4.96,4.9,4.85,4.8,4.89,5.546,4.86,4.821,4.794
Kenya,KEN,"Unemployment, total (% of total labor force) (modeled ILO estimate)",SL.UEM.TOTL.ZS,,,,,,,,,,,,,,,,,,,,,,,,,,,,,,,,2.792,2.903,2.985,2.962,2.856,2.783,2.827,2.85,2.89,2.889,2.881,2.919,2.873,2.848,2.745,2.68,2.65,2.756,2.818,2.796,2.704,2.682,2.764,2.768,2.762,2.757,3.541,4.284,5.014,5.619,5.693,5.707,5.567,5.434
Kyrgyz Republic,KGZ,"Unemployment, total (% of total labor force) (modeled ILO estimate)",SL.UEM.TOTL.ZS,,,,,,,,,,,,,,,,,,,,,,,,,,,,,,,,1,1.1,1.248,1.384,1.474,1.525,1.551,1.632,1.743,1.858,1.95,2.065,2.162,2.259,2.362,2.48,2.577,2.642,2.744,2.887,2.999,3.114,3.153,3.262,3.338,3.474,3.57,3.67,4.295,4.63,4.096,4.043,3.991,3.289
Cambodia,KHM,"Unemployment, total (% of total labor force) (modeled ILO estimate)",SL.UEM.TOTL.ZS,,,,,,,,,,,,,,,,,,,,,,,,,,,,,,,,0.781,0.76,0.745,0.995,0.974,0.963,0.638,0.71,0.726,0.744,0.774,0.852,0.909,1.003,1.064,1.152,1.257,0.825,0.579,0.771,0.577,0.496,0.438,0.692,0.393,0.716,0.141,0.13,0.119,0.172,0.396,0.231,0.225,0.27
Kiribati,KIR,"Unemployment, total (% of total labor force) (modeled ILO estimate)",SL.UEM.TOTL.ZS,,,,,,,,,,,,,,,,,,,,,,,,,,,,,,,,,,,,,,,,,,,,,,,,,,,,,,,,,,,,,,,,,
St. Kitts and Nevis,KNA,"Unemployment, total (% of total labor force) (modeled ILO estimate)",SL.UEM.TOTL.ZS,,,,,,,,,,,,,,,,,,,,,,,,,,,,,,,,,,,,,,,,,,,,,,,,,,,,,,,,,,,,,,,,,
"Korea, Rep.",KOR,"Unemployment, total (% of total labor force) (modeled ILO estimate)",SL.UEM.TOTL.ZS,,,,,,,,,,,,,,,,,,,,,,,,,,,,,,,,2.407,2.513,2.878,2.476,2.063,2.048,2.608,6.963,6.342,4.063,3.699,3.046,3.348,3.42,3.482,3.254,3.013,2.959,3.363,3.324,2.992,2.812,2.747,3.082,3.546,3.65,3.653,3.824,3.746,3.931,3.639,2.857,2.675,2.604
Kuwait,KWT,"Unemployment, total (% of total labor force) (modeled ILO estimate)",SL.UEM.TOTL.ZS,,,,,,,,,,,,,,,,,,,,,,,,,,,,,,,,0.881,0.875,0.8,0.7,0.694,0.7,0.7,0.7,0.7,0.8,0.8,1.1,1.3,1.7,1.456,1.3,1.5,1.75,1.64,1.82,2.053,2.231,2.471,2.9,2.2,2.16,2.227,2.204,2.251,3.557,3.002,2.174,2.127,2.144
Latin America & Caribbean (excluding high income),LAC,"Unemployment, total (% of total labor force) (modeled ILO estimate)",SL.UEM.TOTL.ZS,,,,,,,,,,,,,,,,,,,,,,,,,,,,,,,,6.044786376,6.155735509,5.952190354,6.504159436,7.829573481,8.075785316,7.96125608,8.374686172,9.136533489,9.211665993,8.791775738,9.001822061,8.829998811,8.371978232,8.053621868,7.499623978,7.179956587,6.779255249,7.762155017,7.139002552,6.623434036,6.345154718,6.273139134,6.075336187,6.676731992,7.890432825,8.217284203,8.062001874,8.090688681,10.21771636,9.180661029,6.863306501,6.101589843,6.141125532
Lao PDR,LAO,"Unemployment, total (% of total labor force) (modeled ILO estimate)",SL.UEM.TOTL.ZS,,,,,,,,,,,,,,,,,,,,,,,,,,,,,,,,2.498,2.717,2.739,2.636,2.6,2.449,2.352,2.294,2.154,2.046,1.88,1.775,1.639,1.498,1.35,1.198,1.067,0.943,0.834,0.708,1.055,1.399,1.757,2.119,2.494,2.881,3.268,2.9,2.537,2.361,2.066,1.209,1.188,1.218
Lebanon,LBN,"Unemployment, total (% of total labor force) (modeled ILO estimate)",SL.UEM.TOTL.ZS,,,,,,,,,,,,,,,,,,,,,,,,,,,,,,,,8.609,8.259,8.262,8.35,8.442,8.435,8.62,8.564,8.745,8.603,8.464,8.229,8.05,7.85,8.247,8.671,8.98,7.666,6.355,6.775,7.349,7.937,8.458,8.833,9.306,9.786,10.251,10.745,11.301,13.284,12.669,11.6,11.543,
Liberia,LBR,"Unemployment, total (% of total labor force) (modeled ILO estimate)",SL.UEM.TOTL.ZS,,,,,,,,,,,,,,,,,,,,,,,,,,,,,,,,2.641,2.623,2.493,2.402,2.391,2.354,2.256,2.197,2.19,2.231,2.294,2.318,2.586,2.589,2.577,2.283,2.235,2.222,2.242,2.266,2.211,2.146,2.08,2.079,2.557,3.081,3.066,3.056,3.068,4.109,3.845,2.977,2.933,2.882
Libya,LBY,"Unemployment, total (% of total labor force) (modeled ILO estimate)",SL.UEM.TOTL.ZS,,,,,,,,,,,,,,,,,,,,,,,,,,,,,,,,18.538,18.796,19.005,19.349,19.443,19.296,19.437,19.282,19.334,19.201,19.228,19.247,19.045,18.911,18.639,18.779,18.745,19.006,19.247,19.276,19.478,19.03,19.327,19.308,19.676,19.522,19.02,18.836,19.05,19.613,19.641,19.282,18.753,18.615
St. Lucia,LCA,"Unemployment, total (% of total labor force) (modeled ILO estimate)",SL.UEM.TOTL.ZS,,,,,,,,,,,,,,,,,,,,,,,,,,,,,,,,16.498,16.529,16.8,17,15.83,16.33,20.47,21.6,18.09,16.49,18.546,20.39,22.18,20.97,18.7,16,14,12.72,15.37,17.12,18.86,19.06,22.21,21.597,20.858,19.933,19.136,19.329,15.613,25.224,20.514,15.934,11.092,10.928
Latin America & Caribbean,LCN,"Unemployment, total (% of total labor force) (modeled ILO estimate)",SL.UEM.TOTL.ZS,,,,,,,,,,,,,,,,,,,,,,,,,,,,,,,,6.328638997,6.319595327,6.086578755,6.69412258,7.921501685,8.306317915,8.154379203,8.500748341,9.443825428,9.461823302,9.067122634,9.406548642,9.267107919,8.75123322,8.23794709,7.614742075,7.225953076,6.838666757,7.813883072,7.21088766,6.70856268,6.4147537,6.369843829,6.175546202,6.668734307,7.729851555,8.02899419,7.932470904,8.000433575,10.21428159,9.157520461,6.91530044,6.207431309,6.238519712
Least developed countries: UN classification,LDC,"Unemployment, total (% of total labor force) (modeled ILO estimate)",SL.UEM.TOTL.ZS,,,,,,,,,,,,,,,,,,,,,,,,,,,,,,,,4.551849548,4.605687421,4.623503083,4.596776532,4.503400256,4.476803913,4.472144013,4.550757793,4.645409065,4.696210083,4.730012816,4.821741537,4.897184211,4.855005174,4.793341973,4.677801423,4.738515081,4.795883027,4.886488691,4.761944356,4.861938967,4.844680392,4.794786042,4.751293566,4.839384551,4.906837692,4.969473103,4.887023551,4.886146554,5.639128799,5.753024166,5.088444568,4.946423147,4.891534033
Low income,LIC,"Unemployment, total (% of total labor force) (modeled ILO estimate)",SL.UEM.TOTL.ZS,,,,,,,,,,,,,,,,,,,,,,,,,,,,,,,,5.089822797,5.147812036,5.174807772,5.17851333,5.081376092,5.104591264,5.117646485,5.200140003,5.289068405,5.424962849,5.493258925,5.475551158,5.416839031,5.285509536,5.152924468,5.192875332,5.242087982,5.403777353,5.258470445,5.460861185,5.520634779,5.640683246,5.434461074,5.386063521,5.512770131,5.607696443,5.691854095,5.541300637,5.525978679,6.114632525,6.148676793,5.485768118,5.297353888,5.090457373
Liechtenstein,LIE,"Unemployment, total (% of total labor force) (modeled ILO estimate)",SL.UEM.TOTL.ZS,,,,,,,,,,,,,,,,,,,,,,,,,,,,,,,,,,,,,,,,,,,,,,,,,,,,,,,,,,,,,,,,,
Sri Lanka,LKA,"Unemployment, total (% of total labor force) (modeled ILO estimate)",SL.UEM.TOTL.ZS,,,,,,,,,,,,,,,,,,,,,,,,,,,,,,,,14.661,14.22,13.82,13.03,12.27,11.35,10.6,9.17,8.88,7.74,7.9,8.76,8.22,8.38,7.67,6.5,5.97,5.22,5.85,4.784,4.118,3.88,4.186,4.157,4.519,4.242,4.046,4.318,4.67,5.364,4.981,4.528,5.997,4.996
Lower middle income,LMC,"Unemployment, total (% of total labor force) (modeled ILO estimate)",SL.UEM.TOTL.ZS,,,,,,,,,,,,,,,,,,,,,,,,,,,,,,,,6.079498321,6.094878743,6.216684745,6.176685465,6.151227979,6.0638384,6.114693846,6.115172956,6.147721243,6.163045251,6.190716531,6.212122466,6.199245984,6.109913559,6.067954029,5.949313071,5.85209004,5.898420395,5.959080804,5.821773397,5.906626271,6.097572455,6.087040377,6.012589945,6.159380255,6.046551853,6.133608043,6.124545925,5.631349755,6.674717298,6.023665848,4.855303708,4.413936003,4.40371394
Low & middle income,LMY,"Unemployment, total (% of total labor force) (modeled ILO estimate)",SL.UEM.TOTL.ZS,,,,,,,,,,,,,,,,,,,,,,,,,,,,,,,,4.666120764,4.729605899,4.922354248,5.163601003,5.396555663,5.472396348,5.51801501,5.697546803,5.868779216,5.857454377,6.018431886,6.210425916,6.264314561,6.135348589,6.1066444,5.927413071,5.844777196,5.857531826,6.047003129,5.837644365,5.777017362,5.809231679,5.766713454,5.742157551,5.926345946,6.008257348,6.054724029,6.000988753,5.860904625,6.690896715,6.226029712,5.484555473,5.087677414,5.04129616
Lesotho,LSO,"Unemployment, total (% of total labor force) (modeled ILO estimate)",SL.UEM.TOTL.ZS,,,,,,,,,,,,,,,,,,,,,,,,,,,,,,,,15.59,15.543,15.658,15.706,15.875,15.788,15.896,15.983,16.226,16.227,16.141,16.137,16.113,16.206,16.086,16.107,15.997,15.907,16.16,16.113,16.157,15.813,15.97,16.104,16.254,16.17,16.401,16.625,16.876,18.399,18.23,16.688,16.457,16.147
Late-demographic dividend,LTE,"Unemployment, total (% of total labor force) (modeled ILO estimate)",SL.UEM.TOTL.ZS,,,,,,,,,,,,,,,,,,,,,,,,,,,,,,,,3.647131802,3.662731181,3.877869654,4.287990957,4.463572977,4.662590732,4.93607277,5.203344695,5.457346909,5.285264334,5.468612676,5.653735603,5.890218187,5.695869041,5.620155748,5.368818662,5.104766323,5.136655022,5.566326746,5.239506607,5.106839085,5.018390628,4.999163217,4.927832033,5.100332372,5.26949442,5.260335774,5.039761855,5.185184721,5.918844427,5.495153627,5.182734979,4.805538352,4.649919058
Lithuania,LTU,"Unemployment, total (% of total labor force) (modeled ILO estimate)",SL.UEM.TOTL.ZS,,,,,,,,,,,,,,,,,,,,,,,,,,,,,,,,1.1,1.2,13.8,13.8,17.54,16.4,14.13,13.711,13.388,15.931,16.84,13.008,12.874,10.684,8.325,5.78,4.25,5.826,13.785,17.814,15.39,13.365,11.77,10.698,9.12,7.862,7.073,6.147,6.255,8.487,7.112,5.955,6.841,7.504
Luxembourg,LUX,"Unemployment, total (% of total labor force) (modeled ILO estimate)",SL.UEM.TOTL.ZS,,,,,,,,,,,,,,,,,,,,,,,,,,,,,,,,1.482,2.029,2.33,3.479,2.918,3.286,2.527,2.763,2.39,2.345,1.805,2.621,3.675,5.113,4.488,4.731,4.065,5.06,5.194,4.423,5.122,5.03,6.045,6.044,6.796,6.669,5.523,5.589,5.592,6.766,5.571,4.588,5.184,5.935
Latvia,LVA,"Unemployment, total (% of total labor force) (modeled ILO estimate)",SL.UEM.TOTL.ZS,,,,,,,,,,,,,,,,,,,,,,,,,,,,,,,,2.7,6.6,16.7,18.7,19,20.7,17.569,14.454,13.79,14.211,13.821,13.829,12.061,11.708,10.033,7.03,6.052,7.739,17.515,19.482,16.206,15.047,11.867,10.846,9.873,9.643,8.715,7.412,6.312,8.098,7.513,6.815,6.465,6.72
"Macao SAR, China",MAC,"Unemployment, total (% of total labor force) (modeled ILO estimate)",SL.UEM.TOTL.ZS,,,,,,,,,,,,,,,,,,,,,,,,,,,,,,,,3.01,2.196,2.057,2.48,3.581,4.249,3.261,4.607,6.348,6.874,6.393,6.267,5.995,4.904,4.158,3.822,3.269,2.999,3.58,2.84,2.56,1.97,1.82,1.67,1.81,1.939,1.987,1.834,1.749,2.566,2.229,2.482,2.235,2.437
St. Martin (French part),MAF,"Unemployment, total (% of total labor force) (modeled ILO estimate)",SL.UEM.TOTL.ZS,,,,,,,,,,,,,,,,,,,,,,,,,,,,,,,,,,,,,,,,,,,,,,,,,,,,,,,,,,,,,,,,,
Morocco,MAR,"Unemployment, total (% of total labor force) (modeled ILO estimate)",SL.UEM.TOTL.ZS,,,,,,,,,,,,,,,,,,,,,,,,,,,,,,,,13.538,13.8,14.029,13.869,14.052,13.398,14.023,13.393,13.94,13.58,12.46,11.59,11.92,10.83,11.01,9.67,9.56,9.57,8.96,9.09,8.91,8.99,9.23,9.7,9.46,9.3,9.223,9.271,9.194,11.223,10.576,9.494,9.044,8.943
Monaco,MCO,"Unemployment, total (% of total labor force) (modeled ILO estimate)",SL.UEM.TOTL.ZS,,,,,,,,,,,,,,,,,,,,,,,,,,,,,,,,,,,,,,,,,,,,,,,,,,,,,,,,,,,,,,,,,
Moldova,MDA,"Unemployment, total (% of total labor force) (modeled ILO estimate)",SL.UEM.TOTL.ZS,,,,,,,,,,,,,,,,,,,,,,,,,,,,,,,,1.9,3.7,3.7,5.8,5.3,7.9,7.9,10,11.14,8.539,7.366,6.845,6.378,6.374,5.633,4.2,2.723,2.073,2.987,2.937,2.648,2.151,1.873,1.425,1.742,1.557,1.586,1.196,1.466,1.186,0.785,0.897,1.555,1.434
Madagascar,MDG,"Unemployment, total (% of total labor force) (modeled ILO estimate)",SL.UEM.TOTL.ZS,,,,,,,,,,,,,,,,,,,,,,,,,,,,,,,,6.168,6.268,6.307,6.103,6.088,6.087,5.969,5.9,5.823,5.8,5.35,5.502,5.01,3.946,2.62,2.946,3.205,3.438,3.887,4.28,2.512,0.599,0.996,1.386,1.785,1.947,2.119,2.297,2.469,3.284,3.487,3.186,3.069,3.012
Maldives,MDV,"Unemployment, total (% of total labor force) (modeled ILO estimate)",SL.UEM.TOTL.ZS,,,,,,,,,,,,,,,,,,,,,,,,,,,,,,,,0.799,0.805,0.792,0.791,0.79,1.013,1.24,1.47,1.71,1.97,3.083,4.148,5.134,6.1,7.328,8.392,9.447,10.242,11.697,10.881,10.06,9.14,8.3,7.477,6.604,5.771,5.401,4.95,4.562,5.434,5.024,4.419,4.241,4.636
"Middle East, North Africa, Afghanistan & Pakistan",MEA,"Unemployment, total (% of total labor force) (modeled ILO estimate)",SL.UEM.TOTL.ZS,,,,,,,,,,,,,,,,,,,,,,,,,,,,,,,,7.970122022,8.078121315,8.536680966,8.530051531,8.756638177,7.979319407,7.789865468,7.875101857,8.113273851,8.423650493,8.433479693,8.496404441,8.308761342,7.553921793,7.65825066,7.221312323,6.819445745,6.583499166,6.712056464,6.85497901,7.232912871,8.347169984,7.929498304,7.644792471,8.363914021,8.074841044,8.522849063,8.54016359,8.334642438,9.214422512,9.027122233,8.41864578,8.078864426,8.012862306
Mexico,MEX,"Unemployment, total (% of total labor force) (modeled ILO estimate)",SL.UEM.TOTL.ZS,,,,,,,,,,,,,,,,,,,,,,,,,,,,,,,,3.145,3.235,3.365,4.436,7.095,5.465,4.235,3.733,2.598,2.646,2.627,3.003,3.455,3.937,3.558,3.566,3.628,3.874,5.356,5.303,5.175,4.892,4.921,4.819,4.311,3.853,3.419,3.275,3.477,4.44,4.019,3.256,2.765,2.711
Marshall Islands,MHL,"Unemployment, total (% of total labor force) (modeled ILO estimate)",SL.UEM.TOTL.ZS,,,,,,,,,,,,,,,,,,,,,,,,,,,,,,,,,,,,,,,,,,,,,,,,,,,,,,,,,,,,,,,,,
Middle income,MIC,"Unemployment, total (% of total labor force) (modeled ILO estimate)",SL.UEM.TOTL.ZS,,,,,,,,,,,,,,,,,,,,,,,,,,,,,,,,4.641914026,4.705551394,4.907698328,5.162730294,5.415116374,5.494198858,5.541814192,5.727272684,5.903694133,5.883690759,6.050492173,6.255724008,6.31702176,6.18863858,6.166993033,5.974435846,5.883785197,5.887296622,6.099386711,5.863049215,5.794657783,5.820953438,5.790073721,5.767217424,5.955509034,6.036806875,6.08090306,6.034827151,5.886047408,6.73531873,6.232037254,5.484459016,5.071622525,5.037559686
North Macedonia,MKD,"Unemployment, total (% of total labor force) (modeled ILO estimate)",SL.UEM.TOTL.ZS,,,,,,,,,,,,,,,,,,,,,,,,,,,,,,,,24.5,26.3,27.7,30,35.6,38.8,36,34.5,32.4,32.2,30.52,31.94,36.69,37.161,37.32,36.392,35.231,33.93,32.351,33.135,31.502,31.096,29.017,28.215,26.395,24.312,22.857,21.208,17.414,16.575,15.801,14.476,13.174,13.417
Mali,MLI,"Unemployment, total (% of total labor force) (modeled ILO estimate)",SL.UEM.TOTL.ZS,,,,,,,,,,,,,,,,,,,,,,,,,,,,,,,,1.405,1.483,1.423,1.509,1.464,1.424,1.414,1.35,1.364,1.414,1.338,1.364,1.281,1.412,1.379,1.425,1.405,1.424,1.423,1.405,1.422,1.482,1.516,1.474,1.401,1.367,1.494,1.62,3.29,3.528,3.966,2.387,2.956,3.06
Malta,MLT,"Unemployment, total (% of total labor force) (modeled ILO estimate)",SL.UEM.TOTL.ZS,,,,,,,,,,,,,,,,,,,,,,,,,,,,,,,,6.353,6.349,6.346,6.343,6.34,6.337,6.333,6.33,6.327,6.324,7.107,6.902,7.488,7.317,6.923,6.798,6.472,5.977,6.889,6.847,6.378,6.197,6.106,5.725,5.389,4.687,4.002,3.658,3.616,4.347,3.394,2.921,3.11,2.703
Myanmar,MMR,"Unemployment, total (% of total labor force) (modeled ILO estimate)",SL.UEM.TOTL.ZS,,,,,,,,,,,,,,,,,,,,,,,,,,,,,,,,0.832,0.8,0.784,0.745,0.759,0.758,0.769,0.776,0.754,0.717,0.694,0.69,0.691,0.682,0.676,0.68,0.687,0.703,0.715,0.727,0.75,0.767,0.775,0.763,0.766,1.058,1.356,0.767,0.407,1.476,4.34,3.057,3.032,3.032
"Middle East, North Africa, Afghanistan & Pakistan (excluding high income)",MNA,"Unemployment, total (% of total labor force) (modeled ILO estimate)",SL.UEM.TOTL.ZS,,,,,,,,,,,,,,,,,,,,,,,,,,,,,,,,8.050667768,8.16424835,8.696203783,8.758638795,9.050144648,8.233917234,8.021978884,8.117824347,8.384871376,8.726887727,8.727733593,8.757691764,8.528991801,7.701246408,7.849472233,7.391030174,7.017194741,6.843163267,6.945565518,7.120930206,7.578242756,8.888703285,8.460786735,8.147484661,9.049376619,8.755096979,9.25655934,9.287174247,9.068633589,9.849293764,9.717982295,9.145784822,8.919076142,8.889644067
Montenegro,MNE,"Unemployment, total (% of total labor force) (modeled ILO estimate)",SL.UEM.TOTL.ZS,,,,,,,,,,,,,,,,,,,,,,,,,,,,,,,,30.228,30.283,30.348,30.334,30.294,30.235,30.298,30.269,30.676,30.609,30.741,30.423,30.458,30.37,30.31,24.79,19.4,17.15,19.09,19.649,19.759,19.808,19.585,18.054,17.555,17.732,16.082,15.19,15.128,17.878,16.543,14.851,14.621,14.1
Mongolia,MNG,"Unemployment, total (% of total labor force) (modeled ILO estimate)",SL.UEM.TOTL.ZS,,,,,,,,,,,,,,,,,,,,,,,,,,,,,,,,5.659,5.843,5.845,5.701,5.5,5.533,5.613,5.755,5.848,5.993,6.111,6.2,6.768,6.854,7.017,7.193,7.2,5.565,5.86,6.549,4.769,3.905,4.231,4.798,4.861,7.235,6.359,5.377,9.269,6.594,7.747,6.211,5.503,5.424
Northern Mariana Islands,MNP,"Unemployment, total (% of total labor force) (modeled ILO estimate)",SL.UEM.TOTL.ZS,,,,,,,,,,,,,,,,,,,,,,,,,,,,,,,,,,,,,,,,,,,,,,,,,,,,,,,,,,,,,,,,,
Mozambique,MOZ,"Unemployment, total (% of total labor force) (modeled ILO estimate)",SL.UEM.TOTL.ZS,,,,,,,,,,,,,,,,,,,,,,,,,,,,,,,,2.842,3.033,2.899,2.881,2.76,2.764,2.7,2.64,2.663,2.833,2.839,2.903,2.859,2.955,3.037,3.039,3.084,3.114,3.208,3.261,3.296,3.305,3.346,3.377,3.426,3.457,3.539,3.604,3.646,3.921,4.053,3.596,3.519,3.527
Mauritania,MRT,"Unemployment, total (% of total labor force) (modeled ILO estimate)",SL.UEM.TOTL.ZS,,,,,,,,,,,,,,,,,,,,,,,,,,,,,,,,9.984,10.058,9.874,9.991,9.797,9.794,9.815,9.984,10.036,10.033,10.125,10.185,9.921,9.791,9.626,9.37,9.524,9.735,10.186,10.075,9.968,9.864,9.929,10.028,10.108,10.283,10.336,10.407,10.416,11.054,11.144,10.531,10.446,10.373
Mauritius,MUS,"Unemployment, total (% of total labor force) (modeled ILO estimate)",SL.UEM.TOTL.ZS,,,,,,,,,,,,,,,,,,,,,,,,,,,,,,,,9.507,9.451,9.512,9.524,9.59,9.505,9.39,9.269,9.28,9.138,9.14,8.205,8.311,8.337,9.524,9.04,8.475,7.17,7.257,7.654,7.447,7.472,7.322,7.467,7.41,6.814,6.752,6.426,6.331,8.626,7.719,6.322,5.571,5.476
Malawi,MWI,"Unemployment, total (% of total labor force) (modeled ILO estimate)",SL.UEM.TOTL.ZS,,,,,,,,,,,,,,,,,,,,,,,,,,,,,,,,4.923,5.073,5.002,5.349,4.914,4.955,4.723,4.935,5.009,5.048,5.209,5.233,5.157,4.971,4.944,4.96,4.888,4.814,4.754,4.798,4.842,4.952,4.978,4.967,4.954,5.007,5.039,5.014,4.966,5.728,5.662,5.037,5.033,5.045
Malaysia,MYS,"Unemployment, total (% of total labor force) (modeled ILO estimate)",SL.UEM.TOTL.ZS,,,,,,,,,,,,,,,,,,,,,,,,,,,,,,,,3.702,3.71,4.11,3.64,3.15,2.52,2.45,3.2,3.43,3,3.53,3.48,3.61,3.54,3.53,3.32,3.23,3.32,3.66,3.39,3.05,3.1,3.16,2.88,3.1,3.44,3.41,3.3,3.26,4.54,4.64,3.93,3.869,3.826
North America,NAC,"Unemployment, total (% of total labor force) (modeled ILO estimate)",SL.UEM.TOTL.ZS,,,,,,,,,,,,,,,,,,,,,,,,,,,,,,,,7.160851049,7.873157286,7.349892913,6.545559543,6.030244925,5.861838347,5.403015476,4.882262029,4.551718017,4.273168172,4.979619642,5.974864124,6.153261515,5.701248195,5.257508596,4.816143951,4.782431658,5.836528463,9.169948521,9.477586452,8.807847986,7.995889533,7.34976349,6.260832452,5.460640822,5.103407019,4.579717386,4.107214299,3.890566885,8.230599907,5.5921098,3.833031486,3.840737513,4.37803269
Namibia,NAM,"Unemployment, total (% of total labor force) (modeled ILO estimate)",SL.UEM.TOTL.ZS,,,,,,,,,,,,,,,,,,,,,,,,,,,,,,,,19.14,18.932,19.104,19.4,21.312,22.835,24.45,23.081,21.669,20.3,20.98,21.5,22.052,22.09,22.107,21.876,22.119,22.017,22.254,22.12,19.476,16.771,19.028,18.521,20.808,23.352,21.733,19.877,19.921,21.004,20.922,19.695,19.365,19.148
New Caledonia,NCL,"Unemployment, total (% of total labor force) (modeled ILO estimate)",SL.UEM.TOTL.ZS,,,,,,,,,,,,,,,,,,,,,,,,,,,,,,,,18.009,18.616,18.803,18.948,18.63,18.64,18.381,18.623,18.293,17.984,17.441,17.074,16.716,16.31,15.769,15.236,14.757,14.367,13.97,13.95,13.935,14.051,14.347,14.59,13.637,12.714,11.676,11.702,10.88,13.558,11.54,10.71,10.939,11.15
Niger,NER,"Unemployment, total (% of total labor force) (modeled ILO estimate)",SL.UEM.TOTL.ZS,,,,,,,,,,,,,,,,,,,,,,,,,,,,,,,,1.583,1.566,1.539,1.502,1.495,1.498,1.502,1.389,1.393,1.431,1.47,1.813,2.156,2.747,3.1,2.536,2.032,1.592,1.209,0.722,0.316,2.177,1.397,0.524,0.553,0.548,0.554,0.535,0.531,0.594,0.78,0.418,0.425,0.355
Nigeria,NGA,"Unemployment, total (% of total labor force) (modeled ILO estimate)",SL.UEM.TOTL.ZS,,,,,,,,,,,,,,,,,,,,,,,,,,,,,,,,3.851,3.81,4.038,4.078,4.163,4.056,3.977,3.935,3.997,3.963,3.91,3.681,3.648,3.601,3.734,3.756,3.799,3.795,3.766,3.746,3.77,3.76,3.711,3.902,4.135,4.499,4.828,5.067,5.206,5.742,5.45,3.821,3.074,2.989
Nicaragua,NIC,"Unemployment, total (% of total labor force) (modeled ILO estimate)",SL.UEM.TOTL.ZS,,,,,,,,,,,,,,,,,,,,,,,,,,,,,,,,7.946,7.838,7.862,7.685,7.414,7.102,7.079,7.187,7.162,7.162,7.203,7.513,7.6,6.41,5.37,5.31,4.89,6.2,8.16,7.83,6.618,5.208,5.28,4.52,4.7,3.9,3.3,5.2,5.472,6.201,6.118,4.961,4.716,4.574
Netherlands,NLD,"Unemployment, total (% of total labor force) (modeled ILO estimate)",SL.UEM.TOTL.ZS,,,,,,,,,,,,,,,,,,,,,,,,,,,,,,,,7.285,5.555,6.287,7.159,7.157,6.421,5.511,4.394,3.622,2.725,2.119,2.554,3.593,4.646,5.872,5.007,4.153,3.658,4.352,4.991,4.977,5.821,7.241,7.419,6.872,6.007,4.837,3.832,3.379,3.82,4.209,3.526,3.537,3.599
Norway,NOR,"Unemployment, total (% of total labor force) (modeled ILO estimate)",SL.UEM.TOTL.ZS,,,,,,,,,,,,,,,,,,,,,,,,,,,,,,,,5.407,5.91,5.965,5.349,6.307,5.036,4.687,3.737,3.247,3.458,3.738,4.022,4.221,4.256,4.381,3.397,2.493,2.521,3.1,3.527,3.196,3.129,3.425,3.486,4.296,4.68,4.164,3.801,3.684,4.424,4.359,3.231,3.572,3.97
Nepal,NPL,"Unemployment, total (% of total labor force) (modeled ILO estimate)",SL.UEM.TOTL.ZS,,,,,,,,,,,,,,,,,,,,,,,,,,,,,,,,10.484,10.493,10.517,10.465,10.484,10.443,10.535,10.551,10.581,10.551,10.504,10.632,10.702,10.71,10.617,10.639,10.683,10.613,10.587,10.554,10.64,10.643,10.687,10.617,10.644,10.742,10.66,10.559,10.389,12.975,12.186,10.844,10.628,10.706
Nauru,NRU,"Unemployment, total (% of total labor force) (modeled ILO estimate)",SL.UEM.TOTL.ZS,,,,,,,,,,,,,,,,,,,,,,,,,,,,,,,,,,,,,,,,,,,,,,,,,,,,,,,,,,,,,,,,,
New Zealand,NZL,"Unemployment, total (% of total labor force) (modeled ILO estimate)",SL.UEM.TOTL.ZS,,,,,,,,,,,,,,,,,,,,,,,,,,,,,,,,10.614,10.667,9.804,8.354,6.461,6.29,6.857,7.718,7.023,6.13,5.433,5.282,4.745,4.005,3.807,3.857,3.661,4.167,6.121,6.557,6.491,6.931,5.839,5.428,5.415,5.147,4.736,4.335,4.109,4.595,3.776,3.297,3.729,4.869
OECD members,OED,"Unemployment, total (% of total labor force) (modeled ILO estimate)",SL.UEM.TOTL.ZS,,,,,,,,,,,,,,,,,,,,,,,,,,,,,,,,6.784142705,7.268918806,7.761549267,7.83449047,7.60328959,7.548452498,7.258249009,7.220111772,7.164979477,6.715397112,6.619350545,7.139945697,7.273609108,7.172868223,6.829808131,6.34243532,5.886153077,6.203454731,8.378298655,8.51487068,8.117634776,8.100916249,7.986253506,7.408351054,6.855498263,6.432326315,5.915492826,5.476703716,5.388357605,7.150567539,6.193192458,4.986369265,4.825673308,4.905843763
Oman,OMN,"Unemployment, total (% of total labor force) (modeled ILO estimate)",SL.UEM.TOTL.ZS,,,,,,,,,,,,,,,,,,,,,,,,,,,,,,,,4.055,4.158,4.004,4.067,4.16,4.247,4.188,4.259,4.342,4.331,4.281,4.328,4.62,4.734,4.626,4.383,4.298,4.142,3.993,3.935,3.958,3.765,3.547,3.449,3.401,3.266,2.522,1.8,2.04,2.94,1.9,3.3,3.176,3.161
Other small states,OSS,"Unemployment, total (% of total labor force) (modeled ILO estimate)",SL.UEM.TOTL.ZS,,,,,,,,,,,,,,,,,,,,,,,,,,,,,,,,7.973861274,8.572462328,9.434604293,9.617047074,9.983407706,10.02199147,10.15383982,9.977091205,10.71127075,11.02632125,10.95208712,10.25601996,10.64350347,10.63248174,10.50680349,9.689917871,9.058788028,8.87232549,10.72986332,11.12788472,10.52923982,10.53257173,10.76809882,10.4619996,9.995644476,9.702239485,9.258776327,8.758577556,8.326514859,9.923990551,9.442126397,8.787774038,8.428542226,8.411555577
Pakistan,PAK,"Unemployment, total (% of total labor force) (modeled ILO estimate)",SL.UEM.TOTL.ZS,,,,,,,,,,,,,,,,,,,,,,,,,,,,,,,,0.611,0.596,0.61,0.617,0.632,0.616,0.631,0.645,0.652,0.634,0.629,0.635,0.63,0.608,0.585,0.582,0.398,0.423,0.535,0.653,0.796,3.667,2.954,1.827,3.566,2.285,3.215,4.083,4.83,6.127,6.338,5.485,5.408,5.472
Panama,PAN,"Unemployment, total (% of total labor force) (modeled ILO estimate)",SL.UEM.TOTL.ZS,,,,,,,,,,,,,,,,,,,,,,,,,,,,,,,,6.445,6.303,6.364,6.429,6.526,6.524,6.406,6.23,6.232,6.264,6.372,6.362,6.346,6.127,6.002,5.822,5.694,5.647,5.864,5.845,4.03,3.691,3.674,4.391,4.335,4.717,5.338,5.161,6.256,14.663,10.177,8.086,6.544,6.518
Peru,PER,"Unemployment, total (% of total labor force) (modeled ILO estimate)",SL.UEM.TOTL.ZS,,,,,,,,,,,,,,,,,,,,,,,,,,,,,,,,4.934,5.071,4.803,4.505,4.717,4.931,4.768,5.096,5.01,4.958,5.063,4.84,4.15,4.71,4.87,4.17,4.08,4.03,3.96,3.6,3.477,3.238,3.575,3.208,3.272,3.741,3.691,3.492,3.379,7.179,5.097,3.85,4.899,4.828
Philippines,PHL,"Unemployment, total (% of total labor force) (modeled ILO estimate)",SL.UEM.TOTL.ZS,,,,,,,,,,,,,,,,,,,,,,,,,,,,,,,,3.729,3.844,3.863,3.765,3.683,3.613,3.598,3.698,3.749,3.767,3.698,3.615,3.527,3.554,3.795,4.052,3.434,3.72,3.858,3.605,3.592,3.504,3.497,3.6,3.068,2.695,2.552,2.338,2.237,2.522,3.398,2.598,2.222,2.153
Palau,PLW,"Unemployment, total (% of total labor force) (modeled ILO estimate)",SL.UEM.TOTL.ZS,,,,,,,,,,,,,,,,,,,,,,,,,,,,,,,,,,,,,,,,,,,,,,,,,,,,,,,,,,,,,,,,,
Papua New Guinea,PNG,"Unemployment, total (% of total labor force) (modeled ILO estimate)",SL.UEM.TOTL.ZS,,,,,,,,,,,,,,,,,,,,,,,,,,,,,,,,2.799,2.618,2.397,2.432,2.613,2.734,2.856,2.862,2.939,2.92,2.801,2.755,2.628,2.526,2.387,2.287,2.172,2.169,2.089,2.002,2.62,2.631,2.692,2.536,2.503,2.472,2.569,2.635,2.634,2.883,3.003,2.689,2.661,2.741
Poland,POL,"Unemployment, total (% of total labor force) (modeled ILO estimate)",SL.UEM.TOTL.ZS,,,,,,,,,,,,,,,,,,,,,,,,,,,,,,,,13.611,13.645,14.393,14.825,13.695,12.684,10.964,9.935,12.29,14.928,18.435,20.211,19.899,18.822,17.592,13.794,9.551,7.069,8.131,9.578,9.576,10.031,10.293,8.971,7.475,6.141,4.867,3.835,3.267,3.155,3.268,2.811,2.743,2.472
Pre-demographic dividend,PRE,"Unemployment, total (% of total labor force) (modeled ILO estimate)",SL.UEM.TOTL.ZS,,,,,,,,,,,,,,,,,,,,,,,,,,,,,,,,5.353438804,5.391679451,5.456738082,5.421162933,5.308210522,5.192687336,5.09342313,5.070790118,5.111845331,5.142468693,5.128220778,5.081696127,5.056167188,4.973515905,4.941705984,4.919682709,4.879908543,4.875640794,4.904835241,5.09948599,5.151441028,5.058323624,4.871453749,4.859835388,4.937191701,5.020891066,5.284609319,5.351386027,5.423094637,5.960077686,5.823475559,5.00203737,4.700607933,4.564399648
Puerto Rico (US),PRI,"Unemployment, total (% of total labor force) (modeled ILO estimate)",SL.UEM.TOTL.ZS,,,,,,,,,,,,,,,,,,,,,,,,,,,,,,,,16.18,16.93,16.91,14.6,13.93,13.64,13.8,13.46,11.81,10.08,11.4,11.94,11.78,10.31,11.35,11.01,10.93,11.48,15,16.1,15.7,14.5,14.3,13.9,12,11.8,10.8,9.2,8.3,8.89,7.9,6,5.725,5.472
"Korea, Dem. People's Rep.",PRK,"Unemployment, total (% of total labor force) (modeled ILO estimate)",SL.UEM.TOTL.ZS,,,,,,,,,,,,,,,,,,,,,,,,,,,,,,,,2.3,2.333,2.433,2.538,2.557,2.592,2.68,2.871,3.059,3.05,3.07,3.043,3.059,3.016,2.972,2.944,2.936,2.873,2.871,2.81,2.894,2.916,2.928,2.883,2.896,2.931,2.846,2.757,2.782,2.948,3,2.805,2.831,2.859
Portugal,PRT,"Unemployment, total (% of total labor force) (modeled ILO estimate)",SL.UEM.TOTL.ZS,,,,,,,,,,,,,,,,,,,,,,,,,,,,,,,,3.919,3.985,5.301,6.709,7.064,7.298,6.571,4.64,4.579,3.806,3.829,4.497,6.132,6.319,7.582,7.649,7.965,7.553,9.432,10.771,12.682,15.531,16.188,13.897,12.447,11.068,8.869,6.994,6.464,6.801,6.577,6.011,6.509,6.384
Paraguay,PRY,"Unemployment, total (% of total labor force) (modeled ILO estimate)",SL.UEM.TOTL.ZS,,,,,,,,,,,,,,,,,,,,,,,,,,,,,,,,5.1,4.98,5.06,4.41,3.4,8.15,5.36,4.417,5.343,7.61,6.206,9.393,6.814,6.513,4.825,5.277,4.713,4.415,5.46,4.569,4.67,4.085,4.385,5.034,4.556,5.255,6.138,6.217,6.595,7.548,7.311,6.755,5.794,6.093
West Bank and Gaza,PSE,"Unemployment, total (% of total labor force) (modeled ILO estimate)",SL.UEM.TOTL.ZS,,,,,,,,,,,,,,,,,,,,,,,,,,,,,,,,10.653,10.672,10.685,10.761,10.705,10.731,10.507,10.422,10.339,10.625,21.493,27.465,23.004,23.215,20.016,19.014,18.282,22.913,20.452,21.416,17.597,19.202,19.894,20.526,23.005,23.939,25.677,26.256,25.34,25.895,26.39,24.42,,
Pacific island small states,PSS,"Unemployment, total (% of total labor force) (modeled ILO estimate)",SL.UEM.TOTL.ZS,,,,,,,,,,,,,,,,,,,,,,,,,,,,,,,,3.890426427,3.888494682,3.947381908,3.916673438,3.991820173,4.026350314,4.164878562,4.268116982,4.312657304,4.417581676,4.527365112,4.620601175,4.517350021,4.347173235,3.844312427,3.815964291,3.760530415,3.662775336,3.605830934,3.50620035,3.445319572,3.549311219,3.429090524,3.40086553,3.382091451,3.370556573,3.367720152,3.275633607,3.213943249,3.179371277,3.183777288,3.263764127,3.181085508,3.140070801
Post-demographic dividend,PST,"Unemployment, total (% of total labor force) (modeled ILO estimate)",SL.UEM.TOTL.ZS,,,,,,,,,,,,,,,,,,,,,,,,,,,,,,,,6.306454979,6.915554802,7.513164589,7.510802122,7.384362008,7.558905121,7.363325291,7.395314315,7.112626903,6.534970847,6.382047134,6.775251804,6.86150605,6.671432807,6.405877961,5.990189095,5.568625757,5.899851292,8.069778149,8.344752959,8.058978119,8.115766085,7.993599339,7.461493913,6.883211865,6.409398934,5.848584518,5.296925643,4.941201275,6.727514681,5.803617309,4.51609302,4.466412923,4.634668263
French Polynesia,PYF,"Unemployment, total (% of total labor force) (modeled ILO estimate)",SL.UEM.TOTL.ZS,,,,,,,,,,,,,,,,,,,,,,,,,,,,,,,,11.592,11.731,11.786,11.998,11.957,11.934,11.877,11.797,11.703,11.579,11.664,11.71,11.753,11.701,11.722,11.769,11.74,11.759,11.97,12.145,12.274,12.143,12.029,11.889,11.789,11.715,11.573,11.572,11.565,12.951,12.531,11.888,11.749,11.75
Qatar,QAT,"Unemployment, total (% of total labor force) (modeled ILO estimate)",SL.UEM.TOTL.ZS,,,,,,,,,,,,,,,,,,,,,,,,,,,,,,,,0.87,0.87,0.87,0.87,0.87,0.87,0.87,0.87,0.87,0.87,0.87,0.87,0.87,0.87,0.87,0.87,0.52,0.31,0.31,0.45,0.56,0.48,0.28,0.2,0.17,0.15,0.14,0.11,0.1,0.14,0.14,0.13,0.13,0.126
Romania,ROU,"Unemployment, total (% of total labor force) (modeled ILO estimate)",SL.UEM.TOTL.ZS,,,,,,,,,,,,,,,,,,,,,,,,,,,,,,,,8.218,8.26,8.273,8.17,8.01,6.74,5.515,5.63,6.239,6.969,6.561,8.112,6.95,7.719,7.174,7.27,6.413,5.787,6.859,6.959,7.177,6.794,7.096,6.802,6.812,5.901,4.927,4.187,3.912,5.035,5.59,5.614,5.589,5.379
Russian Federation,RUS,"Unemployment, total (% of total labor force) (modeled ILO estimate)",SL.UEM.TOTL.ZS,,,,,,,,,,,,,,,,,,,,,,,,,,,,,,,,5.068,5.181,5.883,8.131,9.449,9.665,11.813,13.261,13.036,10.581,8.978,7.875,8.21,7.763,7.124,7.055,6.002,6.205,8.301,7.407,6.571,5.484,5.513,5.212,5.615,5.591,5.238,4.871,4.513,5.62,4.749,3.867,3.076,2.527
Rwanda,RWA,"Unemployment, total (% of total labor force) (modeled ILO estimate)",SL.UEM.TOTL.ZS,,,,,,,,,,,,,,,,,,,,,,,,,,,,,,,,12.31,12.12,12.154,12.222,11.972,11.586,11.217,11.352,11.627,11.731,11.76,11.499,11.696,11.731,11.854,11.632,11.626,11.57,11.663,11.673,11.775,11.701,11.785,11.844,11.838,11.801,11.875,10.759,11.236,11.829,15.775,15.084,12.352,11.994
South Asia,SAS,"Unemployment, total (% of total labor force) (modeled ILO estimate)",SL.UEM.TOTL.ZS,,,,,,,,,,,,,,,,,,,,,,,,,,,,,,,,7.314671497,7.312900353,7.327428742,7.22622097,7.18405726,7.131724703,7.18367822,7.206822861,7.202143072,7.207418197,7.269261476,7.40892085,7.374957451,7.330400996,7.249344587,7.160496522,7.201956801,7.31884202,7.387120708,7.18135688,7.180765139,7.255631,7.342599389,7.309712777,7.275209619,7.242575684,7.242855312,7.277323619,6.298187323,7.61279542,6.314917441,4.869393034,4.305251766,4.34169478
Saudi Arabia,SAU,"Unemployment, total (% of total labor force) (modeled ILO estimate)",SL.UEM.TOTL.ZS,,,,,,,,,,,,,,,,,,,,,,,,,,,,,,,,7.294,7.2,7.078,6.889,6.45,5.852,5.327,4.771,4.346,4.57,4.618,5.265,5.563,5.822,6.051,6.254,5.734,5.085,5.377,5.55,5.77,5.622,5.6,5.877,5.6,5.6,5.89,6.029,5.636,7.66,6.621,5.589,4.008,3.896
Sudan,SDN,"Unemployment, total (% of total labor force) (modeled ILO estimate)",SL.UEM.TOTL.ZS,,,,,,,,,,,,,,,,,,,,,,,,,,,,,,,,15.652,15.702,15.52,15.64,15.65,15.624,15.305,15.336,15.387,15.608,15.568,15.514,15.515,15.539,15.546,15.542,15.531,15.566,13,15.161,17.44,17.002,16.3,15.411,14.347,13.606,12.953,12.303,11.658,11.958,11.044,7.53,,
Senegal,SEN,"Unemployment, total (% of total labor force) (modeled ILO estimate)",SL.UEM.TOTL.ZS,,,,,,,,,,,,,,,,,,,,,,,,,,,,,,,,2.867,2.926,2.881,2.941,2.853,2.84,2.776,2.769,2.684,2.668,2.7,2.828,2.794,2.788,2.703,2.77,2.808,2.822,2.814,2.803,2.853,3.888,4.986,5.841,6.757,4.455,4.078,3.455,2.863,3.437,3.44,2.837,2.8,2.992
Singapore,SGP,"Unemployment, total (% of total labor force) (modeled ILO estimate)",SL.UEM.TOTL.ZS,,,,,,,,,,,,,,,,,,,,,,,,,,,,,,,,2.18,3.09,3.07,3.03,3.3,3.57,2.5,3.41,4.85,3.7,3.76,5.65,5.93,5.84,5.59,4.48,3.9,3.96,5.86,4.12,3.89,3.72,3.86,3.74,3.79,4.08,4.2,3.613,3.1,4.1,4.64,3.591,3.444,3.182
Solomon Islands,SLB,"Unemployment, total (% of total labor force) (modeled ILO estimate)",SL.UEM.TOTL.ZS,,,,,,,,,,,,,,,,,,,,,,,,,,,,,,,,1.985,1.868,1.846,1.82,1.856,1.89,2.022,2.164,2.202,2.45,2.642,2.696,2.29,2.031,1.885,1.92,1.981,1.999,2.02,1.617,1.292,0.984,0.694,0.729,0.735,0.734,0.725,0.72,0.743,0.864,0.884,1.483,1.455,1.47
Sierra Leone,SLE,"Unemployment, total (% of total labor force) (modeled ILO estimate)",SL.UEM.TOTL.ZS,,,,,,,,,,,,,,,,,,,,,,,,,,,,,,,,4.085,4.266,4.285,4.325,4.22,4.216,4.253,4.161,4.195,4.08,4.154,3.903,3.879,3.42,3.716,3.889,4.007,4.128,4.269,4.413,4.54,4.552,4.538,4.678,4.606,4.294,3.834,3.192,3.203,3.508,3.556,3.175,3.153,3.126
El Salvador,SLV,"Unemployment, total (% of total labor force) (modeled ILO estimate)",SL.UEM.TOTL.ZS,,,,,,,,,,,,,,,,,,,,,,,,,,,,,,,,7.53,7.88,9.94,7.68,7.65,7.68,7.98,7.1,7.3,6.96,6.96,6.2,6.9,6.8,7.22,6.57,6.41,5.88,7.33,4.893,4.297,3.843,3.693,4.154,3.998,4.418,4.385,4.006,4.17,5.008,4.327,2.999,2.992,2.839
San Marino,SMR,"Unemployment, total (% of total labor force) (modeled ILO estimate)",SL.UEM.TOTL.ZS,,,,,,,,,,,,,,,,,,,,,,,,,,,,,,,,,,,,,,,,,,,,,,,,,,,,,,,,,,,,,,,,,
"Somalia, Fed. Rep.",SOM,"Unemployment, total (% of total labor force) (modeled ILO estimate)",SL.UEM.TOTL.ZS,,,,,,,,,,,,,,,,,,,,,,,,,,,,,,,,19.315,19.536,19.491,19.974,19.747,19.651,19.267,19.169,19.164,18.98,19.076,19.077,19.081,18.992,18.997,19.002,18.981,18.996,19.013,19.031,19.052,19.105,19.013,18.861,18.597,18.578,18.523,18.738,18.828,19.413,19.662,19.05,18.941,18.861
Serbia,SRB,"Unemployment, total (% of total labor force) (modeled ILO estimate)",SL.UEM.TOTL.ZS,,,,,,,,,,,,,,,,,,,,,,,,,,,,,,,,13.339,13.372,13.395,13.374,13.4,13.2,13.8,13.7,13.7,12.6,12.8,13.8,15.2,18.5,20.85,20.85,18.06,13.67,16.116,19.204,22.959,24,22.154,19.223,17.66,15.257,13.477,12.733,10.395,9.011,9.843,8.439,8.268,7.39
Sub-Saharan Africa (excluding high income),SSA,"Unemployment, total (% of total labor force) (modeled ILO estimate)",SL.UEM.TOTL.ZS,,,,,,,,,,,,,,,,,,,,,,,,,,,,,,,,6.878691315,6.973290265,7.041257658,6.985593644,6.84658302,6.749040165,6.694498154,6.687993506,6.772693473,6.776075592,6.709381975,6.608248205,6.540755298,6.406732837,6.329741733,6.252256795,6.208670095,6.207061002,6.279335267,6.445178986,6.466745095,6.321981839,6.074934931,6.111030549,6.287694541,6.366513641,6.502363384,6.511441627,6.67205826,7.137661197,7.34354022,6.522162975,6.181448098,6.113447784
South Sudan,SSD,"Unemployment, total (% of total labor force) (modeled ILO estimate)",SL.UEM.TOTL.ZS,,,,,,,,,,,,,,,,,,,,,,,,,,,,,,,,12.37,12.414,12.242,12.352,12.361,12.336,12.042,12.072,12.121,12.325,12.286,12.234,12.232,12.256,12.266,12.267,12.262,12.298,12.463,12.503,12.635,12.896,12.727,12.602,12.485,12.955,13.111,12.952,12.709,14.319,14.029,12.545,12.477,
Sub-Saharan Africa,SSF,"Unemployment, total (% of total labor force) (modeled ILO estimate)",SL.UEM.TOTL.ZS,,,,,,,,,,,,,,,,,,,,,,,,,,,,,,,,6.513550303,6.605200954,6.650017569,6.585053628,6.452011678,6.375257549,6.336751603,6.355900918,6.454892864,6.435510932,6.341432974,6.237321274,6.168585018,6.022865216,5.923487566,5.836134353,5.793449213,5.786964469,5.84624036,5.983914624,5.997944998,5.862686162,5.639091632,5.684788144,5.8550252,5.941673769,6.077506409,6.106327975,6.267921211,6.803309526,6.987663396,6.198018532,5.887753617,5.823525216
Small states,SST,"Unemployment, total (% of total labor force) (modeled ILO estimate)",SL.UEM.TOTL.ZS,,,,,,,,,,,,,,,,,,,,,,,,,,,,,,,,9.572100329,10.15781778,10.67850532,10.61767884,10.49646664,10.41053131,10.35472127,10.10395677,10.42401966,10.43129856,10.25027294,9.857189637,10.15140523,9.801964495,9.589443936,8.741905351,8.211517749,7.999298914,9.490458098,9.636352036,9.247449256,9.308431227,9.421214333,9.165481015,8.777377346,8.665295589,8.316062072,8.035003552,7.691148423,9.112836549,8.720825383,8.040391117,7.666090513,7.558035712
Sao Tome and Principe,STP,"Unemployment, total (% of total labor force) (modeled ILO estimate)",SL.UEM.TOTL.ZS,,,,,,,,,,,,,,,,,,,,,,,,,,,,,,,,14.513,14.662,14.476,14.424,14.356,14.342,14.421,14.402,14.356,14.4,15.73,17.63,16.36,16.12,16.47,16.65,16.024,15.426,15.134,14.626,14.224,13.59,12.48,11.435,10.594,9.686,8.808,8.714,8.831,9.686,9.6,8.992,9.071,9.17
Suriname,SUR,"Unemployment, total (% of total labor force) (modeled ILO estimate)",SL.UEM.TOTL.ZS,,,,,,,,,,,,,,,,,,,,,,,,,,,,,,,,17.085,17.28,15.64,12.7,8.39,10.88,10.56,10.63,13.6,12.983,12.148,11.243,10.359,9.49,9.263,9.096,9.004,8.831,8.72,7.15,7.54,8.1,6.6,6.94,7.22,7.917,7.888,7.693,7.556,8.76,8.491,8.16,7.631,7.325
Slovak Republic,SVK,"Unemployment, total (% of total labor force) (modeled ILO estimate)",SL.UEM.TOTL.ZS,,,,,,,,,,,,,,,,,,,,,,,,,,,,,,,,12.166,12.192,12.2,13.654,13.109,11.341,11.894,12.421,16.099,18.546,19.148,18.541,17.549,18.206,16.276,13.395,11.16,9.514,12.023,14.387,13.634,13.966,14.226,11.536,11.492,9.679,8.142,6.544,5.761,6.719,6.894,6.143,5.84,5.234
Slovenia,SVN,"Unemployment, total (% of total labor force) (modeled ILO estimate)",SL.UEM.TOTL.ZS,,,,,,,,,,,,,,,,,,,,,,,,,,,,,,,,7.08,7.809,8.51,8.24,7.15,6.886,6.658,7.4,7.33,6.92,5.682,5.922,6.479,6.012,6.506,5.95,4.818,4.371,5.858,7.236,8.166,8.841,10.103,9.668,8.962,8,6.564,5.108,4.446,4.971,4.744,4.011,3.652,3.357
Sweden,SWE,"Unemployment, total (% of total labor force) (modeled ILO estimate)",SL.UEM.TOTL.ZS,,,,,,,,,,,,,,,,,,,,,,,,,,,,,,,,3.243,5.722,9.33,9.58,8.897,9.547,10.359,8.941,7.607,5.466,4.73,4.965,5.555,6.693,7.81,7.066,6.161,6.235,8.351,8.61,7.804,7.976,8.052,7.954,7.432,6.99,6.718,6.365,6.833,8.291,8.722,7.392,7.611,8.528
Eswatini,SWZ,"Unemployment, total (% of total labor force) (modeled ILO estimate)",SL.UEM.TOTL.ZS,,,,,,,,,,,,,,,,,,,,,,,,,,,,,,,,20.684,21.052,21.75,21.717,21.65,22.074,22.5,23.195,23.837,24.502,25.178,25.716,26.216,26.69,27.204,27.69,28.24,27.835,27.383,26.736,25.987,25.128,24.448,23.828,23.285,22.718,24.523,26.369,28.138,32.944,34.153,35.359,35.086,34.4
Sint Maarten (Dutch part),SXM,"Unemployment, total (% of total labor force) (modeled ILO estimate)",SL.UEM.TOTL.ZS,,,,,,,,,,,,,,,,,,,,,,,,,,,,,,,,,,,,,,,,,,,,,,,,,,,,,,,,,,,,,,,,,
Seychelles,SYC,"Unemployment, total (% of total labor force) (modeled ILO estimate)",SL.UEM.TOTL.ZS,,,,,,,,,,,,,,,,,,,,,,,,,,,,,,,,,,,,,,,,,,,,,,,,,,,,,,,,,,,,,,,,,
Syrian Arab Republic,SYR,"Unemployment, total (% of total labor force) (modeled ILO estimate)",SL.UEM.TOTL.ZS,,,,,,,,,,,,,,,,,,,,,,,,,,,,,,,,6.75,6.949,7.4,7.5,7.2,7.222,7.31,7.376,7.6,9.587,11.63,10.94,10.28,9.513,8.809,8.17,8.42,10.94,8.14,8.61,8.627,13.8,14.5,14.783,14.243,13.795,13.597,13.497,13.36,15.191,14.877,13.268,13.187,12.962
Turks and Caicos Islands,TCA,"Unemployment, total (% of total labor force) (modeled ILO estimate)",SL.UEM.TOTL.ZS,,,,,,,,,,,,,,,,,,,,,,,,,,,,,,,,,,,,,,,,,,,,,,,,,,,,,,,,,,,,,,,,,
Chad,TCD,"Unemployment, total (% of total labor force) (modeled ILO estimate)",SL.UEM.TOTL.ZS,,,,,,,,,,,,,,,,,,,,,,,,,,,,,,,,0.674,0.664,0.7,0.709,0.749,0.703,0.732,0.727,0.752,0.79,0.787,0.769,0.732,0.685,0.678,0.724,0.834,0.906,0.906,0.878,0.905,0.9,0.948,0.933,0.974,1.047,1.116,1.135,1.084,1.707,1.548,1.096,1.074,1.088
East Asia & Pacific (IDA & IBRD countries),TEA,"Unemployment, total (% of total labor force) (modeled ILO estimate)",SL.UEM.TOTL.ZS,,,,,,,,,,,,,,,,,,,,,,,,,,,,,,,,2.408744038,2.376771669,2.630119829,2.930603964,3.014584752,3.119894974,3.21148767,3.381573156,3.474871103,3.42896287,3.857171661,4.175665457,4.426260489,4.42148008,4.502312598,4.394751806,4.3748966,4.457840191,4.439307111,4.175624918,4.123948056,4.061507359,4.06337163,4.059461162,4.134988005,4.050945294,3.928165117,3.81853389,3.910558146,4.38272644,4.139769791,4.245548757,3.990239378,3.9018586
Europe & Central Asia (IDA & IBRD countries),TEC,"Unemployment, total (% of total labor force) (modeled ILO estimate)",SL.UEM.TOTL.ZS,,,,,,,,,,,,,,,,,,,,,,,,,,,,,,,,5.88516272,6.350828626,7.029642634,8.3976897,9.387169904,9.979424786,10.64831471,11.49116812,11.91038039,11.02520368,10.74728387,10.53338667,10.29463808,9.949233523,9.292083625,8.668148073,7.567634495,7.370992656,9.104560346,8.687683835,8.121353709,7.65781096,7.714675914,7.658142335,7.641510508,7.475281244,7.126181207,6.68712191,6.742706341,7.242965625,6.833363079,5.685061062,5.160330972,4.731604672
Togo,TGO,"Unemployment, total (% of total labor force) (modeled ILO estimate)",SL.UEM.TOTL.ZS,,,,,,,,,,,,,,,,,,,,,,,,,,,,,,,,4.085,4.222,4.491,4.214,4.02,3.666,3.677,3.826,3.925,4.174,4.124,4.104,3.984,4.015,4.157,4.229,3.817,3.283,2.849,2.383,1.982,2.03,2.085,2.142,2.204,2.968,3.744,2.898,2.036,2.225,2.333,1.965,1.948,1.94
Thailand,THA,"Unemployment, total (% of total labor force) (modeled ILO estimate)",SL.UEM.TOTL.ZS,,,,,,,,,,,,,,,,,,,,,,,,,,,,,,,,2.63,1.35,1.49,1.347,1.1,1.071,0.873,3.404,2.968,2.389,2.6,1.82,1.54,1.51,1.35,1.22,1.18,1.18,1.49,0.622,0.66,0.58,0.249,0.576,0.597,0.688,0.83,0.765,0.716,1.099,1.215,0.94,0.733,0.693
Tajikistan,TJK,"Unemployment, total (% of total labor force) (modeled ILO estimate)",SL.UEM.TOTL.ZS,,,,,,,,,,,,,,,,,,,,,,,,,,,,,,,,1.845,1.85,2.65,3.15,3.45,4.05,4.15,4.65,4.45,4.15,3.75,3.95,3.85,3.616,3.375,3.13,2.874,7.134,11.5,11.542,11.557,11.444,11.417,11.439,11.485,11.5,11.487,11.437,11.419,12.321,12.333,11.634,11.546,11.635
Turkmenistan,TKM,"Unemployment, total (% of total labor force) (modeled ILO estimate)",SL.UEM.TOTL.ZS,,,,,,,,,,,,,,,,,,,,,,,,,,,,,,,,1.4,1.5,1.5,4.7,8.3,10.3,11,12.2,12.7,11.666,10.851,10.153,9.311,8.44,7.485,6.58,5.694,4.835,4,4,4.002,3.986,3.983,4,4.016,4.031,4.044,4.044,4.043,4.501,4.459,4.109,4.099,4.304
Latin America & the Caribbean (IDA & IBRD countries),TLA,"Unemployment, total (% of total labor force) (modeled ILO estimate)",SL.UEM.TOTL.ZS,,,,,,,,,,,,,,,,,,,,,,,,,,,,,,,,6.202907241,6.177022547,5.927168795,6.583038242,7.870401843,8.283382667,8.138539435,8.518916095,9.500033697,9.547243868,9.16163877,9.520402624,9.39491061,8.881379293,8.344276921,7.708406483,7.311822677,6.915072996,7.893076731,7.252825694,6.728068865,6.427542235,6.383973006,6.199613326,6.719034468,7.811365755,8.127556965,8.033247205,8.104243491,10.35224945,9.27350464,6.997690118,6.277058031,6.311537885
Timor-Leste,TLS,"Unemployment, total (% of total labor force) (modeled ILO estimate)",SL.UEM.TOTL.ZS,,,,,,,,,,,,,,,,,,,,,,,,,,,,,,,,3.51,3.537,3.556,3.567,3.52,3.479,3.433,3.445,3.463,3.477,3.363,3.453,3.503,3.656,3.563,3.581,3.489,3.413,3.291,3.301,3.384,3.468,3.564,3.618,3.678,4.657,4.248,3.778,3.097,2.782,2.344,1.537,1.521,1.603
"Middle East, North Africa, Afghanistan & Pakistan (IDA & IBRD)",TMN,"Unemployment, total (% of total labor force) (modeled ILO estimate)",SL.UEM.TOTL.ZS,,,,,,,,,,,,,,,,,,,,,,,,,,,,,,,,8.039424488,8.153306728,8.687365362,8.749593401,9.042486067,8.222121138,8.010209215,8.10702522,8.375842564,8.717956603,8.672720769,8.677756867,8.462153808,7.630631071,7.793271112,7.336834992,6.962440237,6.764456018,6.878780166,7.049028941,7.525059584,8.832943577,8.398031708,8.077899822,8.966756652,8.664739932,9.157191194,9.18412652,8.967066563,9.753719796,9.613146268,9.045014769,8.919076142,8.889644067
Tonga,TON,"Unemployment, total (% of total labor force) (modeled ILO estimate)",SL.UEM.TOTL.ZS,,,,,,,,,,,,,,,,,,,,,,,,,,,,,,,,1.349,1.35,1.3,1.705,2.003,2.408,2.857,3.356,3.712,4.12,4.48,4.838,5.18,3.942,2.571,1.09,1.181,1.252,1.407,1.513,1.602,1.643,1.754,1.92,2.024,2.046,2.131,2.248,2.157,2.699,2.111,2.302,2.262,2.192
South Asia (IDA & IBRD),TSA,"Unemployment, total (% of total labor force) (modeled ILO estimate)",SL.UEM.TOTL.ZS,,,,,,,,,,,,,,,,,,,,,,,,,,,,,,,,7.314671497,7.312900353,7.327428742,7.22622097,7.18405726,7.131724703,7.18367822,7.206822861,7.202143072,7.207418197,7.269261476,7.40892085,7.374957451,7.330400996,7.249344587,7.160496522,7.201956801,7.31884202,7.387120708,7.18135688,7.180765139,7.255631,7.342599389,7.309712777,7.275209619,7.242575684,7.242855312,7.277323619,6.298187323,7.61279542,6.314917441,4.869393034,4.305251766,4.34169478
Sub-Saharan Africa (IDA & IBRD countries),TSS,"Unemployment, total (% of total labor force) (modeled ILO estimate)",SL.UEM.TOTL.ZS,,,,,,,,,,,,,,,,,,,,,,,,,,,,,,,,6.513550303,6.605200954,6.650017569,6.585053628,6.452011678,6.375257549,6.336751603,6.355900918,6.454892864,6.435510932,6.341432974,6.237321274,6.168585018,6.022865216,5.923487566,5.836134353,5.793449213,5.786964469,5.84624036,5.983914624,5.997944998,5.862686162,5.639091632,5.684788144,5.8550252,5.941673769,6.077506409,6.106327975,6.267921211,6.803309526,6.987663396,6.198018532,5.887753617,5.823525216
Trinidad and Tobago,TTO,"Unemployment, total (% of total labor force) (modeled ILO estimate)",SL.UEM.TOTL.ZS,,,,,,,,,,,,,,,,,,,,,,,,,,,,,,,,18.52,19.66,19.81,18.44,17.22,16.25,15.01,14.21,13.12,12.1,10.88,10.39,10.48,8.33,7.95,6.27,5.54,4.63,5.28,4.033,3.425,3.718,2.683,2.477,2.428,3.207,3.394,3.498,3.523,4.206,4.446,4.383,4.21,4.546
Tunisia,TUN,"Unemployment, total (% of total labor force) (modeled ILO estimate)",SL.UEM.TOTL.ZS,,,,,,,,,,,,,,,,,,,,,,,,,,,,,,,,15.946,15.616,15.954,16.009,16.339,16.059,15.94,15.476,15.21,14.94,14.4,14.55,14.51,14.23,12.872,12.51,12.365,12.444,13.29,13.049,18.334,17.63,15.934,14.259,15.159,15.557,15.33,15.459,17.153,17.656,16.611,15.3,15.106,16.203
Turkiye,TUR,"Unemployment, total (% of total labor force) (modeled ILO estimate)",SL.UEM.TOTL.ZS,,,,,,,,,,,,,,,,,,,,,,,,,,,,,,,,8.21,8.509,8.962,8.577,7.644,6.629,6.841,6.888,7.687,6.495,8.381,10.358,10.542,10.838,10.636,10.227,10.285,10.965,14.026,11.879,9.789,9.21,9.713,9.901,10.304,10.899,10.919,10.956,13.73,13.148,11.969,10.465,9.388,8.449
Tuvalu,TUV,"Unemployment, total (% of total labor force) (modeled ILO estimate)",SL.UEM.TOTL.ZS,,,,,,,,,,,,,,,,,,,,,,,,,,,,,,,,,,,,,,,,,,,,,,,,,,,,,,,,,,,,,,,,,
Tanzania,TZA,"Unemployment, total (% of total labor force) (modeled ILO estimate)",SL.UEM.TOTL.ZS,,,,,,,,,,,,,,,,,,,,,,,,,,,,,,,,3.6,3.679,3.878,3.847,3.663,3.469,3.338,3.28,3.215,3.127,2.994,3.024,3.055,3.108,3.194,3.299,3.023,2.774,2.5,3.029,3.47,3.222,2.93,2.125,2.159,2.23,2.303,2.393,2.496,2.781,2.821,2.588,2.582,2.576
Uganda,UGA,"Unemployment, total (% of total labor force) (modeled ILO estimate)",SL.UEM.TOTL.ZS,,,,,,,,,,,,,,,,,,,,,,,,,,,,,,,,3.464,3.556,3.497,3.471,3.235,3.213,3.247,3.437,3.468,3.529,3.52,3.5,3.6,2.705,1.9,2.272,2.677,3.052,3.6,3.619,3.528,3.551,1.91,2.348,2.679,3.008,3.428,3.25,3.06,3.831,3.422,2.886,2.787,2.941
Ukraine,UKR,"Unemployment, total (% of total labor force) (modeled ILO estimate)",SL.UEM.TOTL.ZS,,,,,,,,,,,,,,,,,,,,,,,,,,,,,,,,1.9,1.9,2,2,5.62,7.65,8.93,11.32,11.864,11.707,11.061,10.136,9.057,8.59,7.18,6.81,6.351,6.363,8.84,8.1,7.851,7.529,7.17,9.27,9.14,9.35,9.5,8.799,8.194,9.475,9.834,,,
Upper middle income,UMC,"Unemployment, total (% of total labor force) (modeled ILO estimate)",SL.UEM.TOTL.ZS,,,,,,,,,,,,,,,,,,,,,,,,,,,,,,,,3.764637117,3.847662573,4.087011406,4.519680706,4.941810751,5.121556508,5.161911548,5.466431183,5.73691829,5.68997323,5.952328883,6.286458196,6.400680545,6.245003576,6.238486548,5.992625779,5.906822468,5.879162659,6.20265843,5.893752759,5.710919853,5.612832465,5.563180084,5.577408075,5.796121394,6.029098552,6.038782269,5.962354785,6.093920605,6.786163326,6.408266781,6.039347635,5.662411862,5.618309945
Uruguay,URY,"Unemployment, total (% of total labor force) (modeled ILO estimate)",SL.UEM.TOTL.ZS,,,,,,,,,,,,,,,,,,,,,,,,,,,,,,,,8.95,8.96,8.35,9.04,10.02,11.93,11.44,9.362,10.466,12.627,15.052,16.648,16.661,12.98,12.009,10.844,9.403,8.025,7.74,7.158,6.307,6.451,6.444,6.547,7.488,7.841,7.89,8.336,8.836,10.413,9.328,7.877,8.355,8.401
United States,USA,"Unemployment, total (% of total labor force) (modeled ILO estimate)",SL.UEM.TOTL.ZS,,,,,,,,,,,,,,,,,,,,,,,,,,,,,,,,6.8,7.5,6.9,6.119,5.65,5.451,5,4.511,4.219,3.992,4.731,5.783,5.989,5.529,5.084,4.623,4.622,5.784,9.254,9.633,8.949,8.069,7.375,6.168,5.28,4.869,4.355,3.896,3.669,8.055,5.349,3.65,3.638,4.106
Uzbekistan,UZB,"Unemployment, total (% of total labor force) (modeled ILO estimate)",SL.UEM.TOTL.ZS,,,,,,,,,,,,,,,,,,,,,,,,,,,,,,,,1.9,2.9,4.9,7.3,7.8,10.7,10.9,13.3,13.3,12.317,11.3,10.283,9.248,8.162,7.092,6.03,4.99,4.89,5.04,5.36,4.96,4.87,4.86,5.09,5.15,5.16,5.83,5.389,4.932,5.293,5.364,4.49,4.46,4.488
St. Vincent and the Grenadines,VCT,"Unemployment, total (% of total labor force) (modeled ILO estimate)",SL.UEM.TOTL.ZS,,,,,,,,,,,,,,,,,,,,,,,,,,,,,,,,19.77,19.545,19.667,19.967,19.994,20.339,20.116,20.514,20.531,20.794,21.1,20.617,19.967,19.523,19.449,19.15,18.927,18.79,19.386,19.966,20.049,19.867,19.367,19.249,19.141,19.028,19.006,18.984,19.235,20.636,20.341,19.417,18.574,18.056
"Venezuela, RB",VEN,"Unemployment, total (% of total labor force) (modeled ILO estimate)",SL.UEM.TOTL.ZS,,,,,,,,,,,,,,,,,,,,,,,,,,,,,,,,9.45,7.69,6.6,8.56,10.24,11.77,11.16,11.15,14.53,13.99,13.04,16.17,16.78,15.07,10.663,8.606,7.279,6.245,6.097,7.112,6.902,6.601,7.54,6.821,6.137,5.319,5.045,5.46,5.876,7.53,7.037,5.707,5.485,5.475
British Virgin Islands,VGB,"Unemployment, total (% of total labor force) (modeled ILO estimate)",SL.UEM.TOTL.ZS,,,,,,,,,,,,,,,,,,,,,,,,,,,,,,,,,,,,,,,,,,,,,,,,,,,,,,,,,,,,,,,,,
Virgin Islands (U.S.),VIR,"Unemployment, total (% of total labor force) (modeled ILO estimate)",SL.UEM.TOTL.ZS,,,,,,,,,,,,,,,,,,,,,,,,,,,,,,,,11.718,11.891,11.989,11.751,11.384,11.408,11.297,11.187,10.902,10.546,10.678,10.933,11.254,10.927,10.878,10.36,10.137,10.22,11.527,11.742,12.041,12.109,12.55,12.64,12.422,12.515,12.217,12.407,12.551,15.191,14.273,13.007,12.32,12.014
Viet Nam,VNM,"Unemployment, total (% of total labor force) (modeled ILO estimate)",SL.UEM.TOTL.ZS,,,,,,,,,,,,,,,,,,,,,,,,,,,,,,,,2.142,2.11,2.038,1.972,1.955,1.93,2.87,2.29,2.33,2.26,2.76,2.12,2.25,2.14,2.078,2.046,2.026,1.889,1.737,1.114,0.999,1.027,1.316,1.256,1.848,1.848,1.874,1.161,1.681,2.103,2.385,1.523,1.645,1.431
Vanuatu,VUT,"Unemployment, total (% of total labor force) (modeled ILO estimate)",SL.UEM.TOTL.ZS,,,,,,,,,,,,,,,,,,,,,,,,,,,,,,,,7.997,7.964,8.288,8.103,8.153,8.108,8.24,8.24,8.308,8.283,8.434,8.621,8.682,8.447,8.126,8.006,6.854,5.661,4.565,4.685,4.821,4.951,5.058,5.15,5.254,5.261,5.287,5.326,5.444,4.046,4.766,5.143,5.082,5.064
World,WLD,"Unemployment, total (% of total labor force) (modeled ILO estimate)",SL.UEM.TOTL.ZS,,,,,,,,,,,,,,,,,,,,,,,,,,,,,,,,5.133779529,5.290109504,5.559694393,5.800498887,5.930044014,5.99253886,6.022390649,6.170974471,6.288614734,6.123040741,6.202247857,6.428256564,6.495524748,6.337626849,6.227169619,5.976278552,5.777550426,5.832355879,6.419695452,6.286511087,6.157195582,6.160185218,6.107286798,5.965457481,6.005977063,5.97765544,5.906576329,5.768459788,5.598562261,6.609206744,6.064555526,5.260645445,4.915954069,4.891628301
Samoa,WSM,"Unemployment, total (% of total labor force) (modeled ILO estimate)",SL.UEM.TOTL.ZS,,,,,,,,,,,,,,,,,,,,,,,,,,,,,,,,2.1,2.44,2.69,3,3.245,3.516,3.78,4.128,4.49,4.734,4.96,4.975,5.037,5.162,5.212,5.321,5.426,5.539,5.647,5.621,5.68,8.752,8.773,8.72,8.9,9.062,9.4,8.639,7.838,7.435,6.612,5.048,4.977,4.551
Kosovo,XKX,"Unemployment, total (% of total labor force) (modeled ILO estimate)",SL.UEM.TOTL.ZS,,,,,,,,,,,,,,,,,,,,,,,,,,,,,,,,,,,,,,,,,,,,,,,,,,,,,,,,,,,,,,,,,
"Yemen, Rep.",YEM,"Unemployment, total (% of total labor force) (modeled ILO estimate)",SL.UEM.TOTL.ZS,,,,,,,,,,,,,,,,,,,,,,,,,,,,,,,,8.409,8.342,8.344,8.34,8.988,9.585,10.223,10.829,11.46,11.557,11.724,11.84,12.015,12.132,12.215,12.35,12.488,12.657,12.763,12.779,13.311,13.473,13.673,13.467,17.9,18.416,18.603,17.584,17.202,17.953,18.287,17.363,17.091,17.086
South Africa,ZAF,"Unemployment, total (% of total labor force) (modeled ILO estimate)",SL.UEM.TOTL.ZS,,,,,,,,,,,,,,,,,,,,,,,,,,,,,,,,23.002,23.262,23.179,22.942,22.647,22.48,22.518,22.673,22.791,22.714,22.605,22.547,22.629,22.538,22.461,22.324,22.287,22.407,23.523,24.683,24.639,24.727,24.561,24.89,25.149,26.536,27.035,26.906,28.468,29.217,34.007,33.268,32.098,33.168
Zambia,ZMB,"Unemployment, total (% of total labor force) (modeled ILO estimate)",SL.UEM.TOTL.ZS,,,,,,,,,,,,,,,,,,,,,,,,,,,,,,,,18.9,19.544,19.7,18.648,16.828,15.3,13.305,12,12.495,12.93,13.415,14.131,14.705,15.33,15.9,13.229,10.561,7.93,10.582,13.19,10.545,7.85,7.264,6.571,5.942,5.239,4.529,5.033,5.542,6.033,5.199,5.995,5.905,5.961
Zimbabwe,ZWE,"Unemployment, total (% of total labor force) (modeled ILO estimate)",SL.UEM.TOTL.ZS,,,,,,,,,,,,,,,,,,,,,,,,,,,,,,,,4.813,4.938,4.99,4.96,5.571,6.163,6.93,6.39,6,5.684,5.318,5.007,4.735,4.39,4.622,4.759,4.991,5.357,5.453,5.447,5.368,5.061,4.943,4.774,5.377,5.886,6.344,6.793,7.373,8.621,9.54,10.087,8.759,8.554
